{
  "type": "FeatureCollection",
  "features": [
    {
      "type": "Feature",
      "id": 1,
      "geometry": {
        "type": "Polygon",
        "coordinates": [
          [
            [
              116.41328046339254,
              39.884087377933234
            ],
            [
              116.4141389122041,
              39.884087377933234
            ],
            [
              116.4141389122041,
              39.88439513764874
            ],
            [
              116.41328046339254,
              39.88439513764874
            ],
            [
              116.41328046339254,
              39.884087377933234
            ]
          ]
        ]
      },
      "properties": {
        "id": 1,
        "name": "建筑 1",
        "height": 157,
        "floors": 52,
        "type": "commercial",
        "yearBuilt": 1995,
        "address": "示例路 530 号",
        "properties": {
          "area": 2497,
          "usage": "commercial"
        }
      }
    },
    {
      "type": "Feature",
      "id": 2,
      "geometry": {
        "type": "Polygon",
        "coordinates": [
          [
            [
              116.40649297210824,
              39.894292145773676
            ],
            [
              116.40747154543776,
              39.894292145773676
            ],
            [
              116.40747154543776,
              39.894593983652186
            ],
            [
              116.40649297210824,
              39.894593983652186
            ],
            [
              116.40649297210824,
              39.894292145773676
            ]
          ]
        ]
      },
      "properties": {
        "id": 2,
        "name": "建筑 2",
        "height": 55,
        "floors": 18,
        "type": "public",
        "yearBuilt": 2017,
        "address": "示例路 694 号",
        "properties": {
          "area": 2792,
          "usage": "public"
        }
      }
    },
    {
      "type": "Feature",
      "id": 3,
      "geometry": {
        "type": "Polygon",
        "coordinates": [
          [
            [
              116.39495760231549,
              39.93520090030861
            ],
            [
              116.39531487062366,
              39.93520090030861
            ],
            [
              116.39531487062366,
              39.9362980249069
            ],
            [
              116.39495760231549,
              39.9362980249069
            ],
            [
              116.39495760231549,
              39.93520090030861
            ]
          ]
        ]
      },
      "properties": {
        "id": 3,
        "name": "建筑 3",
        "height": 148,
        "floors": 49,
        "type": "public",
        "yearBuilt": 2023,
        "address": "示例路 369 号",
        "properties": {
          "area": 3703,
          "usage": "public"
        }
      }
    },
    {
      "type": "Feature",
      "id": 4,
      "geometry": {
        "type": "Polygon",
        "coordinates": [
          [
            [
              116.41791535926087,
              39.90300935481388
            ],
            [
              116.4186561766408,
              39.90300935481388
            ],
            [
              116.4186561766408,
              39.90376059367758
            ],
            [
              116.41791535926087,
              39.90376059367758
            ],
            [
              116.41791535926087,
              39.90300935481388
            ]
          ]
        ]
      },
      "properties": {
        "id": 4,
        "name": "建筑 4",
        "height": 110,
        "floors": 36,
        "type": "residential",
        "yearBuilt": 2005,
        "address": "示例路 222 号",
        "properties": {
          "area": 5260,
          "usage": "residential"
        }
      }
    },
    {
      "type": "Feature",
      "id": 5,
      "geometry": {
        "type": "Polygon",
        "coordinates": [
          [
            [
              116.41322164839296,
              39.888652692650425
            ],
            [
              116.4139653754556,
              39.888652692650425
            ],
            [
              116.4139653754556,
              39.8896709523822
            ],
            [
              116.41322164839296,
              39.8896709523822
            ],
            [
              116.41322164839296,
              39.888652692650425
            ]
          ]
        ]
      },
      "properties": {
        "id": 5,
        "name": "建筑 5",
        "height": 138,
        "floors": 46,
        "type": "industrial",
        "yearBuilt": 2003,
        "address": "示例路 300 号",
        "properties": {
          "area": 7159,
          "usage": "industrial"
        }
      }
    },
    {
      "type": "Feature",
      "id": 6,
      "geometry": {
        "type": "Polygon",
        "coordinates": [
          [
            [
              116.42443025888709,
              39.927300920033645
            ],
            [
              116.42491862657211,
              39.927300920033645
            ],
            [
              116.42491862657211,
              39.92773939074811
            ],
            [
              116.42443025888709,
              39.92773939074811
            ],
            [
              116.42443025888709,
              39.927300920033645
            ]
          ]
        ]
      },
      "properties": {
        "id": 6,
        "name": "建筑 6",
        "height": 151,
        "floors": 50,
        "type": "commercial",
        "yearBuilt": 2004,
        "address": "示例路 887 号",
        "properties": {
          "area": 2023,
          "usage": "commercial"
        }
      }
    },
    {
      "type": "Feature",
      "id": 7,
      "geometry": {
        "type": "Polygon",
        "coordinates": [
          [
            [
              116.4140092759395,
              39.904546279261616
            ],
            [
              116.41456660087977,
              39.904546279261616
            ],
            [
              116.41456660087977,
              39.90540632646701
            ],
            [
              116.4140092759395,
              39.90540632646701
            ],
            [
              116.4140092759395,
              39.904546279261616
            ]
          ]
        ]
      },
      "properties": {
        "id": 7,
        "name": "建筑 7",
        "height": 125,
        "floors": 41,
        "type": "residential",
        "yearBuilt": 2020,
        "address": "示例路 26 号",
        "properties": {
          "area": 4530,
          "usage": "residential"
        }
      }
    },
    {
      "type": "Feature",
      "id": 8,
      "geometry": {
        "type": "Polygon",
        "coordinates": [
          [
            [
              116.36586973349004,
              39.933054252555586
            ],
            [
              116.36624475140285,
              39.933054252555586
            ],
            [
              116.36624475140285,
              39.93411847472325
            ],
            [
              116.36586973349004,
              39.93411847472325
            ],
            [
              116.36586973349004,
              39.933054252555586
            ]
          ]
        ]
      },
      "properties": {
        "id": 8,
        "name": "建筑 8",
        "height": 147,
        "floors": 49,
        "type": "commercial",
        "yearBuilt": 1996,
        "address": "示例路 114 号",
        "properties": {
          "area": 3770,
          "usage": "commercial"
        }
      }
    },
    {
      "type": "Feature",
      "id": 9,
      "geometry": {
        "type": "Polygon",
        "coordinates": [
          [
            [
              116.37823045872817,
              39.930186131202944
            ],
            [
              116.3789765018424,
              39.930186131202944
            ],
            [
              116.3789765018424,
              39.931198400477705
            ],
            [
              116.37823045872817,
              39.931198400477705
            ],
            [
              116.37823045872817,
              39.930186131202944
            ]
          ]
        ]
      },
      "properties": {
        "id": 9,
        "name": "建筑 9",
        "height": 68,
        "floors": 22,
        "type": "residential",
        "yearBuilt": 1999,
        "address": "示例路 659 号",
        "properties": {
          "area": 7135,
          "usage": "residential"
        }
      }
    },
    {
      "type": "Feature",
      "id": 10,
      "geometry": {
        "type": "Polygon",
        "coordinates": [
          [
            [
              116.40408277052228,
              39.94387581443993
            ],
            [
              116.405162986512,
              39.94387581443993
            ],
            [
              116.405162986512,
              39.944401443794696
            ],
            [
              116.40408277052228,
              39.944401443794696
            ],
            [
              116.40408277052228,
              39.94387581443993
            ]
          ]
        ]
      },
      "properties": {
        "id": 10,
        "name": "建筑 10",
        "height": 60,
        "floors": 20,
        "type": "public",
        "yearBuilt": 1993,
        "address": "示例路 224 号",
        "properties": {
          "area": 5363,
          "usage": "public"
        }
      }
    },
    {
      "type": "Feature",
      "id": 11,
      "geometry": {
        "type": "Polygon",
        "coordinates": [
          [
            [
              116.38817555658026,
              39.93874995729599
            ],
            [
              116.38913231196341,
              39.93874995729599
            ],
            [
              116.38913231196341,
              39.93923885433806
            ],
            [
              116.38817555658026,
              39.93923885433806
            ],
            [
              116.38817555658026,
              39.93874995729599
            ]
          ]
        ]
      },
      "properties": {
        "id": 11,
        "name": "建筑 11",
        "height": 124,
        "floors": 41,
        "type": "industrial",
        "yearBuilt": 2004,
        "address": "示例路 306 号",
        "properties": {
          "area": 4418,
          "usage": "industrial"
        }
      }
    },
    {
      "type": "Feature",
      "id": 12,
      "geometry": {
        "type": "Polygon",
        "coordinates": [
          [
            [
              116.40053541691789,
              39.9450435924724
            ],
            [
              116.40100328861081,
              39.9450435924724
            ],
            [
              116.40100328861081,
              39.94613989319278
            ],
            [
              116.40053541691789,
              39.94613989319278
            ],
            [
              116.40053541691789,
              39.9450435924724
            ]
          ]
        ]
      },
      "properties": {
        "id": 12,
        "name": "建筑 12",
        "height": 146,
        "floors": 48,
        "type": "commercial",
        "yearBuilt": 1991,
        "address": "示例路 177 号",
        "properties": {
          "area": 4845,
          "usage": "commercial"
        }
      }
    },
    {
      "type": "Feature",
      "id": 13,
      "geometry": {
        "type": "Polygon",
        "coordinates": [
          [
            [
              116.36604581494788,
              39.94327754550605
            ],
            [
              116.3667410089607,
              39.94327754550605
            ],
            [
              116.3667410089607,
              39.943770190073536
            ],
            [
              116.36604581494788,
              39.943770190073536
            ],
            [
              116.36604581494788,
              39.94327754550605
            ]
          ]
        ]
      },
      "properties": {
        "id": 13,
        "name": "建筑 13",
        "height": 84,
        "floors": 28,
        "type": "residential",
        "yearBuilt": 2014,
        "address": "示例路 445 号",
        "properties": {
          "area": 3235,
          "usage": "residential"
        }
      }
    },
    {
      "type": "Feature",
      "id": 14,
      "geometry": {
        "type": "Polygon",
        "coordinates": [
          [
            [
              116.4171195092935,
              39.88919568771069
            ],
            [
              116.41750161193569,
              39.88919568771069
            ],
            [
              116.41750161193569,
              39.88969680628491
            ],
            [
              116.4171195092935,
              39.88969680628491
            ],
            [
              116.4171195092935,
              39.88919568771069
            ]
          ]
        ]
      },
      "properties": {
        "id": 14,
        "name": "建筑 14",
        "height": 76,
        "floors": 25,
        "type": "residential",
        "yearBuilt": 2013,
        "address": "示例路 517 号",
        "properties": {
          "area": 1810,
          "usage": "residential"
        }
      }
    },
    {
      "type": "Feature",
      "id": 15,
      "geometry": {
        "type": "Polygon",
        "coordinates": [
          [
            [
              116.38989391681645,
              39.93405198139555
            ],
            [
              116.39075490934704,
              39.93405198139555
            ],
            [
              116.39075490934704,
              39.934593149720925
            ],
            [
              116.38989391681645,
              39.934593149720925
            ],
            [
              116.38989391681645,
              39.93405198139555
            ]
          ]
        ]
      },
      "properties": {
        "id": 15,
        "name": "建筑 15",
        "height": 22,
        "floors": 7,
        "type": "public",
        "yearBuilt": 2009,
        "address": "示例路 879 号",
        "properties": {
          "area": 4402,
          "usage": "public"
        }
      }
    },
    {
      "type": "Feature",
      "id": 16,
      "geometry": {
        "type": "Polygon",
        "coordinates": [
          [
            [
              116.36788501368302,
              39.92869972045683
            ],
            [
              116.36820025815655,
              39.92869972045683
            ],
            [
              116.36820025815655,
              39.929463042364134
            ],
            [
              116.36788501368302,
              39.929463042364134
            ],
            [
              116.36788501368302,
              39.92869972045683
            ]
          ]
        ]
      },
      "properties": {
        "id": 16,
        "name": "建筑 16",
        "height": 124,
        "floors": 41,
        "type": "public",
        "yearBuilt": 2011,
        "address": "示例路 313 号",
        "properties": {
          "area": 2273,
          "usage": "public"
        }
      }
    },
    {
      "type": "Feature",
      "id": 17,
      "geometry": {
        "type": "Polygon",
        "coordinates": [
          [
            [
              116.36087859170343,
              39.90225367712888
            ],
            [
              116.36150499503873,
              39.90225367712888
            ],
            [
              116.36150499503873,
              39.90326746686668
            ],
            [
              116.36087859170343,
              39.90326746686668
            ],
            [
              116.36087859170343,
              39.90225367712888
            ]
          ]
        ]
      },
      "properties": {
        "id": 17,
        "name": "建筑 17",
        "height": 107,
        "floors": 35,
        "type": "commercial",
        "yearBuilt": 2002,
        "address": "示例路 219 号",
        "properties": {
          "area": 6002,
          "usage": "commercial"
        }
      }
    },
    {
      "type": "Feature",
      "id": 18,
      "geometry": {
        "type": "Polygon",
        "coordinates": [
          [
            [
              116.3713117674247,
              39.892398072801434
            ],
            [
              116.3716143182543,
              39.892398072801434
            ],
            [
              116.3716143182543,
              39.89331902469553
            ],
            [
              116.3713117674247,
              39.89331902469553
            ],
            [
              116.3713117674247,
              39.892398072801434
            ]
          ]
        ]
      },
      "properties": {
        "id": 18,
        "name": "建筑 18",
        "height": 53,
        "floors": 17,
        "type": "industrial",
        "yearBuilt": 1980,
        "address": "示例路 234 号",
        "properties": {
          "area": 2634,
          "usage": "industrial"
        }
      }
    },
    {
      "type": "Feature",
      "id": 19,
      "geometry": {
        "type": "Polygon",
        "coordinates": [
          [
            [
              116.42721438451544,
              39.893528502871355
            ],
            [
              116.4281279159579,
              39.893528502871355
            ],
            [
              116.4281279159579,
              39.89389026134418
            ],
            [
              116.42721438451544,
              39.89389026134418
            ],
            [
              116.42721438451544,
              39.893528502871355
            ]
          ]
        ]
      },
      "properties": {
        "id": 19,
        "name": "建筑 19",
        "height": 95,
        "floors": 31,
        "type": "commercial",
        "yearBuilt": 2004,
        "address": "示例路 963 号",
        "properties": {
          "area": 3124,
          "usage": "commercial"
        }
      }
    },
    {
      "type": "Feature",
      "id": 20,
      "geometry": {
        "type": "Polygon",
        "coordinates": [
          [
            [
              116.4255319303664,
              39.944884010874674
            ],
            [
              116.4263882177144,
              39.944884010874674
            ],
            [
              116.4263882177144,
              39.94597430444635
            ],
            [
              116.4255319303664,
              39.94597430444635
            ],
            [
              116.4255319303664,
              39.944884010874674
            ]
          ]
        ]
      },
      "properties": {
        "id": 20,
        "name": "建筑 20",
        "height": 78,
        "floors": 26,
        "type": "residential",
        "yearBuilt": 2009,
        "address": "示例路 79 号",
        "properties": {
          "area": 8818,
          "usage": "residential"
        }
      }
    },
    {
      "type": "Feature",
      "id": 21,
      "geometry": {
        "type": "Polygon",
        "coordinates": [
          [
            [
              116.42668800907538,
              39.917452346171736
            ],
            [
              116.42732389022898,
              39.917452346171736
            ],
            [
              116.42732389022898,
              39.918114982499965
            ],
            [
              116.42668800907538,
              39.918114982499965
            ],
            [
              116.42668800907538,
              39.917452346171736
            ]
          ]
        ]
      },
      "properties": {
        "id": 21,
        "name": "建筑 21",
        "height": 57,
        "floors": 19,
        "type": "industrial",
        "yearBuilt": 2002,
        "address": "示例路 579 号",
        "properties": {
          "area": 3981,
          "usage": "industrial"
        }
      }
    },
    {
      "type": "Feature",
      "id": 22,
      "geometry": {
        "type": "Polygon",
        "coordinates": [
          [
            [
              116.42758228437809,
              39.91570716596697
            ],
            [
              116.42807584548073,
              39.91570716596697
            ],
            [
              116.42807584548073,
              39.91675029677327
            ],
            [
              116.42758228437809,
              39.91675029677327
            ],
            [
              116.42758228437809,
              39.91570716596697
            ]
          ]
        ]
      },
      "properties": {
        "id": 22,
        "name": "建筑 22",
        "height": 113,
        "floors": 37,
        "type": "residential",
        "yearBuilt": 2019,
        "address": "示例路 772 号",
        "properties": {
          "area": 4865,
          "usage": "residential"
        }
      }
    },
    {
      "type": "Feature",
      "id": 23,
      "geometry": {
        "type": "Polygon",
        "coordinates": [
          [
            [
              116.42911387418053,
              39.90823530616431
            ],
            [
              116.42987024014288,
              39.90823530616431
            ],
            [
              116.42987024014288,
              39.908575511558816
            ],
            [
              116.42911387418053,
              39.908575511558816
            ],
            [
              116.42911387418053,
              39.90823530616431
            ]
          ]
        ]
      },
      "properties": {
        "id": 23,
        "name": "建筑 23",
        "height": 85,
        "floors": 28,
        "type": "public",
        "yearBuilt": 2007,
        "address": "示例路 599 号",
        "properties": {
          "area": 2431,
          "usage": "public"
        }
      }
    },
    {
      "type": "Feature",
      "id": 24,
      "geometry": {
        "type": "Polygon",
        "coordinates": [
          [
            [
              116.3700282027296,
              39.91074625987071
            ],
            [
              116.37062853887647,
              39.91074625987071
            ],
            [
              116.37062853887647,
              39.911587148778395
            ],
            [
              116.3700282027296,
              39.911587148778395
            ],
            [
              116.3700282027296,
              39.91074625987071
            ]
          ]
        ]
      },
      "properties": {
        "id": 24,
        "name": "建筑 24",
        "height": 76,
        "floors": 25,
        "type": "public",
        "yearBuilt": 1993,
        "address": "示例路 991 号",
        "properties": {
          "area": 4770,
          "usage": "public"
        }
      }
    },
    {
      "type": "Feature",
      "id": 25,
      "geometry": {
        "type": "Polygon",
        "coordinates": [
          [
            [
              116.42102602841797,
              39.90428030742536
            ],
            [
              116.421980720821,
              39.90428030742536
            ],
            [
              116.421980720821,
              39.90502891583947
            ],
            [
              116.42102602841797,
              39.90502891583947
            ],
            [
              116.42102602841797,
              39.90428030742536
            ]
          ]
        ]
      },
      "properties": {
        "id": 25,
        "name": "建筑 25",
        "height": 11,
        "floors": 3,
        "type": "commercial",
        "yearBuilt": 2020,
        "address": "示例路 245 号",
        "properties": {
          "area": 6755,
          "usage": "commercial"
        }
      }
    },
    {
      "type": "Feature",
      "id": 26,
      "geometry": {
        "type": "Polygon",
        "coordinates": [
          [
            [
              116.38209353170217,
              39.890415973294175
            ],
            [
              116.38289612004249,
              39.890415973294175
            ],
            [
              116.38289612004249,
              39.890973092158966
            ],
            [
              116.38209353170217,
              39.890973092158966
            ],
            [
              116.38209353170217,
              39.890415973294175
            ]
          ]
        ]
      },
      "properties": {
        "id": 26,
        "name": "建筑 26",
        "height": 104,
        "floors": 34,
        "type": "residential",
        "yearBuilt": 2021,
        "address": "示例路 688 号",
        "properties": {
          "area": 4227,
          "usage": "residential"
        }
      }
    },
    {
      "type": "Feature",
      "id": 27,
      "geometry": {
        "type": "Polygon",
        "coordinates": [
          [
            [
              116.36959235784202,
              39.895897994564436
            ],
            [
              116.37034839907112,
              39.895897994564436
            ],
            [
              116.37034839907112,
              39.896417449955074
            ],
            [
              116.36959235784202,
              39.896417449955074
            ],
            [
              116.36959235784202,
              39.895897994564436
            ]
          ]
        ]
      },
      "properties": {
        "id": 27,
        "name": "建筑 27",
        "height": 99,
        "floors": 33,
        "type": "residential",
        "yearBuilt": 1985,
        "address": "示例路 816 号",
        "properties": {
          "area": 3712,
          "usage": "residential"
        }
      }
    },
    {
      "type": "Feature",
      "id": 28,
      "geometry": {
        "type": "Polygon",
        "coordinates": [
          [
            [
              116.43455346331966,
              39.87957203725859
            ],
            [
              116.43552424884642,
              39.87957203725859
            ],
            [
              116.43552424884642,
              39.88065271686987
            ],
            [
              116.43455346331966,
              39.88065271686987
            ],
            [
              116.43455346331966,
              39.87957203725859
            ]
          ]
        ]
      },
      "properties": {
        "id": 28,
        "name": "建筑 28",
        "height": 156,
        "floors": 52,
        "type": "public",
        "yearBuilt": 1983,
        "address": "示例路 181 号",
        "properties": {
          "area": 9919,
          "usage": "public"
        }
      }
    },
    {
      "type": "Feature",
      "id": 29,
      "geometry": {
        "type": "Polygon",
        "coordinates": [
          [
            [
              116.37390670057377,
              39.88470031715925
            ],
            [
              116.37450726776088,
              39.88470031715925
            ],
            [
              116.37450726776088,
              39.88506431292632
            ],
            [
              116.37390670057377,
              39.88506431292632
            ],
            [
              116.37390670057377,
              39.88470031715925
            ]
          ]
        ]
      },
      "properties": {
        "id": 29,
        "name": "建筑 29",
        "height": 77,
        "floors": 25,
        "type": "residential",
        "yearBuilt": 2013,
        "address": "示例路 226 号",
        "properties": {
          "area": 2066,
          "usage": "residential"
        }
      }
    },
    {
      "type": "Feature",
      "id": 30,
      "geometry": {
        "type": "Polygon",
        "coordinates": [
          [
            [
              116.38752169417164,
              39.92782938674008
            ],
            [
              116.38789993025378,
              39.92782938674008
            ],
            [
              116.38789993025378,
              39.92843315869161
            ],
            [
              116.38752169417164,
              39.92843315869161
            ],
            [
              116.38752169417164,
              39.92782938674008
            ]
          ]
        ]
      },
      "properties": {
        "id": 30,
        "name": "建筑 30",
        "height": 20,
        "floors": 6,
        "type": "industrial",
        "yearBuilt": 2022,
        "address": "示例路 888 号",
        "properties": {
          "area": 2157,
          "usage": "industrial"
        }
      }
    },
    {
      "type": "Feature",
      "id": 31,
      "geometry": {
        "type": "Polygon",
        "coordinates": [
          [
            [
              116.3877482858192,
              39.88875833095593
            ],
            [
              116.38810457646437,
              39.88875833095593
            ],
            [
              116.38810457646437,
              39.88915231272803
            ],
            [
              116.3877482858192,
              39.88915231272803
            ],
            [
              116.3877482858192,
              39.88875833095593
            ]
          ]
        ]
      },
      "properties": {
        "id": 31,
        "name": "建筑 31",
        "height": 66,
        "floors": 22,
        "type": "industrial",
        "yearBuilt": 2018,
        "address": "示例路 943 号",
        "properties": {
          "area": 1327,
          "usage": "industrial"
        }
      }
    },
    {
      "type": "Feature",
      "id": 32,
      "geometry": {
        "type": "Polygon",
        "coordinates": [
          [
            [
              116.3777814543084,
              39.91788872693275
            ],
            [
              116.37849881321671,
              39.91788872693275
            ],
            [
              116.37849881321671,
              39.918608754151606
            ],
            [
              116.3777814543084,
              39.918608754151606
            ],
            [
              116.3777814543084,
              39.91788872693275
            ]
          ]
        ]
      },
      "properties": {
        "id": 32,
        "name": "建筑 32",
        "height": 75,
        "floors": 25,
        "type": "industrial",
        "yearBuilt": 2019,
        "address": "示例路 242 号",
        "properties": {
          "area": 4880,
          "usage": "industrial"
        }
      }
    },
    {
      "type": "Feature",
      "id": 33,
      "geometry": {
        "type": "Polygon",
        "coordinates": [
          [
            [
              116.42096160438298,
              39.93360626432019
            ],
            [
              116.4213853437428,
              39.93360626432019
            ],
            [
              116.4213853437428,
              39.93407251109325
            ],
            [
              116.42096160438298,
              39.93407251109325
            ],
            [
              116.42096160438298,
              39.93360626432019
            ]
          ]
        ]
      },
      "properties": {
        "id": 33,
        "name": "建筑 33",
        "height": 98,
        "floors": 32,
        "type": "residential",
        "yearBuilt": 1996,
        "address": "示例路 376 号",
        "properties": {
          "area": 1866,
          "usage": "residential"
        }
      }
    },
    {
      "type": "Feature",
      "id": 34,
      "geometry": {
        "type": "Polygon",
        "coordinates": [
          [
            [
              116.4161373610391,
              39.9280318633505
            ],
            [
              116.41684208649409,
              39.9280318633505
            ],
            [
              116.41684208649409,
              39.92833764273616
            ],
            [
              116.4161373610391,
              39.92833764273616
            ],
            [
              116.4161373610391,
              39.9280318633505
            ]
          ]
        ]
      },
      "properties": {
        "id": 34,
        "name": "建筑 34",
        "height": 56,
        "floors": 18,
        "type": "residential",
        "yearBuilt": 1995,
        "address": "示例路 764 号",
        "properties": {
          "area": 2036,
          "usage": "residential"
        }
      }
    },
    {
      "type": "Feature",
      "id": 35,
      "geometry": {
        "type": "Polygon",
        "coordinates": [
          [
            [
              116.43270760181228,
              39.90863833906779
            ],
            [
              116.43302435076109,
              39.90863833906779
            ],
            [
              116.43302435076109,
              39.90935746720014
            ],
            [
              116.43270760181228,
              39.90935746720014
            ],
            [
              116.43270760181228,
              39.90863833906779
            ]
          ]
        ]
      },
      "properties": {
        "id": 35,
        "name": "建筑 35",
        "height": 29,
        "floors": 9,
        "type": "public",
        "yearBuilt": 1993,
        "address": "示例路 760 号",
        "properties": {
          "area": 2152,
          "usage": "public"
        }
      }
    },
    {
      "type": "Feature",
      "id": 36,
      "geometry": {
        "type": "Polygon",
        "coordinates": [
          [
            [
              116.36728691942486,
              39.87755654132
            ],
            [
              116.36785446783541,
              39.87755654132
            ],
            [
              116.36785446783541,
              39.878468433785045
            ],
            [
              116.36728691942486,
              39.878468433785045
            ],
            [
              116.36728691942486,
              39.87755654132
            ]
          ]
        ]
      },
      "properties": {
        "id": 36,
        "name": "建筑 36",
        "height": 133,
        "floors": 44,
        "type": "public",
        "yearBuilt": 2014,
        "address": "示例路 889 号",
        "properties": {
          "area": 4893,
          "usage": "public"
        }
      }
    },
    {
      "type": "Feature",
      "id": 37,
      "geometry": {
        "type": "Polygon",
        "coordinates": [
          [
            [
              116.42417456809193,
              39.942514149253164
            ],
            [
              116.42510194988768,
              39.942514149253164
            ],
            [
              116.42510194988768,
              39.943271922529135
            ],
            [
              116.42417456809193,
              39.943271922529135
            ],
            [
              116.42417456809193,
              39.942514149253164
            ]
          ]
        ]
      },
      "properties": {
        "id": 37,
        "name": "建筑 37",
        "height": 119,
        "floors": 39,
        "type": "public",
        "yearBuilt": 2011,
        "address": "示例路 725 号",
        "properties": {
          "area": 6638,
          "usage": "public"
        }
      }
    },
    {
      "type": "Feature",
      "id": 38,
      "geometry": {
        "type": "Polygon",
        "coordinates": [
          [
            [
              116.39255300178006,
              39.93852723086717
            ],
            [
              116.39301987253094,
              39.93852723086717
            ],
            [
              116.39301987253094,
              39.93962133650828
            ],
            [
              116.39255300178006,
              39.93962133650828
            ],
            [
              116.39255300178006,
              39.93852723086717
            ]
          ]
        ]
      },
      "properties": {
        "id": 38,
        "name": "建筑 38",
        "height": 81,
        "floors": 27,
        "type": "residential",
        "yearBuilt": 2013,
        "address": "示例路 564 号",
        "properties": {
          "area": 4825,
          "usage": "residential"
        }
      }
    },
    {
      "type": "Feature",
      "id": 39,
      "geometry": {
        "type": "Polygon",
        "coordinates": [
          [
            [
              116.41453502768894,
              39.90644189001595
            ],
            [
              116.41515484462597,
              39.90644189001595
            ],
            [
              116.41515484462597,
              39.90702676219263
            ],
            [
              116.41453502768894,
              39.90702676219263
            ],
            [
              116.41453502768894,
              39.90644189001595
            ]
          ]
        ]
      },
      "properties": {
        "id": 39,
        "name": "建筑 39",
        "height": 154,
        "floors": 51,
        "type": "public",
        "yearBuilt": 1995,
        "address": "示例路 249 号",
        "properties": {
          "area": 3426,
          "usage": "public"
        }
      }
    },
    {
      "type": "Feature",
      "id": 40,
      "geometry": {
        "type": "Polygon",
        "coordinates": [
          [
            [
              116.40155449017762,
              39.91278488200109
            ],
            [
              116.40211826889606,
              39.91278488200109
            ],
            [
              116.40211826889606,
              39.91354413123895
            ],
            [
              116.40155449017762,
              39.91354413123895
            ],
            [
              116.40155449017762,
              39.91278488200109
            ]
          ]
        ]
      },
      "properties": {
        "id": 40,
        "name": "建筑 40",
        "height": 27,
        "floors": 9,
        "type": "public",
        "yearBuilt": 1988,
        "address": "示例路 305 号",
        "properties": {
          "area": 4045,
          "usage": "public"
        }
      }
    },
    {
      "type": "Feature",
      "id": 41,
      "geometry": {
        "type": "Polygon",
        "coordinates": [
          [
            [
              116.36507552832425,
              39.876063770077764
            ],
            [
              116.36598110996613,
              39.876063770077764
            ],
            [
              116.36598110996613,
              39.876833949474054
            ],
            [
              116.36507552832425,
              39.876833949474054
            ],
            [
              116.36507552832425,
              39.876063770077764
            ]
          ]
        ]
      },
      "properties": {
        "id": 41,
        "name": "建筑 41",
        "height": 142,
        "floors": 47,
        "type": "residential",
        "yearBuilt": 1989,
        "address": "示例路 57 号",
        "properties": {
          "area": 6594,
          "usage": "residential"
        }
      }
    },
    {
      "type": "Feature",
      "id": 42,
      "geometry": {
        "type": "Polygon",
        "coordinates": [
          [
            [
              116.3675588921377,
              39.94321774172365
            ],
            [
              116.36836995175082,
              39.94321774172365
            ],
            [
              116.36836995175082,
              39.94374187999118
            ],
            [
              116.3675588921377,
              39.94374187999118
            ],
            [
              116.3675588921377,
              39.94321774172365
            ]
          ]
        ]
      },
      "properties": {
        "id": 42,
        "name": "建筑 42",
        "height": 17,
        "floors": 5,
        "type": "public",
        "yearBuilt": 2017,
        "address": "示例路 411 号",
        "properties": {
          "area": 4015,
          "usage": "public"
        }
      }
    },
    {
      "type": "Feature",
      "id": 43,
      "geometry": {
        "type": "Polygon",
        "coordinates": [
          [
            [
              116.41908898034123,
              39.940175495974415
            ],
            [
              116.4196558799706,
              39.940175495974415
            ],
            [
              116.4196558799706,
              39.94084945453979
            ],
            [
              116.41908898034123,
              39.94084945453979
            ],
            [
              116.41908898034123,
              39.940175495974415
            ]
          ]
        ]
      },
      "properties": {
        "id": 43,
        "name": "建筑 43",
        "height": 57,
        "floors": 19,
        "type": "public",
        "yearBuilt": 1991,
        "address": "示例路 991 号",
        "properties": {
          "area": 3609,
          "usage": "public"
        }
      }
    },
    {
      "type": "Feature",
      "id": 44,
      "geometry": {
        "type": "Polygon",
        "coordinates": [
          [
            [
              116.3828956521221,
              39.87231830059235
            ],
            [
              116.3832807671034,
              39.87231830059235
            ],
            [
              116.3832807671034,
              39.87278101499137
            ],
            [
              116.3828956521221,
              39.87278101499137
            ],
            [
              116.3828956521221,
              39.87231830059235
            ]
          ]
        ]
      },
      "properties": {
        "id": 44,
        "name": "建筑 44",
        "height": 153,
        "floors": 51,
        "type": "residential",
        "yearBuilt": 1983,
        "address": "示例路 464 号",
        "properties": {
          "area": 1685,
          "usage": "residential"
        }
      }
    },
    {
      "type": "Feature",
      "id": 45,
      "geometry": {
        "type": "Polygon",
        "coordinates": [
          [
            [
              116.41596176211661,
              39.90004849887532
            ],
            [
              116.41670934649127,
              39.90004849887532
            ],
            [
              116.41670934649127,
              39.90091874093448
            ],
            [
              116.41596176211661,
              39.90091874093448
            ],
            [
              116.41596176211661,
              39.90004849887532
            ]
          ]
        ]
      },
      "properties": {
        "id": 45,
        "name": "建筑 45",
        "height": 105,
        "floors": 35,
        "type": "industrial",
        "yearBuilt": 1988,
        "address": "示例路 655 号",
        "properties": {
          "area": 6149,
          "usage": "industrial"
        }
      }
    },
    {
      "type": "Feature",
      "id": 46,
      "geometry": {
        "type": "Polygon",
        "coordinates": [
          [
            [
              116.402817613771,
              39.91990105033209
            ],
            [
              116.40372428233519,
              39.91990105033209
            ],
            [
              116.40372428233519,
              39.92038767575298
            ],
            [
              116.402817613771,
              39.92038767575298
            ],
            [
              116.402817613771,
              39.91990105033209
            ]
          ]
        ]
      },
      "properties": {
        "id": 46,
        "name": "建筑 46",
        "height": 132,
        "floors": 44,
        "type": "residential",
        "yearBuilt": 2020,
        "address": "示例路 845 号",
        "properties": {
          "area": 4169,
          "usage": "residential"
        }
      }
    },
    {
      "type": "Feature",
      "id": 47,
      "geometry": {
        "type": "Polygon",
        "coordinates": [
          [
            [
              116.36863636268318,
              39.94101475602806
            ],
            [
              116.36927160330052,
              39.94101475602806
            ],
            [
              116.36927160330052,
              39.94139799878726
            ],
            [
              116.36863636268318,
              39.94139799878726
            ],
            [
              116.36863636268318,
              39.94101475602806
            ]
          ]
        ]
      },
      "properties": {
        "id": 47,
        "name": "建筑 47",
        "height": 111,
        "floors": 37,
        "type": "public",
        "yearBuilt": 1985,
        "address": "示例路 568 号",
        "properties": {
          "area": 2299,
          "usage": "public"
        }
      }
    },
    {
      "type": "Feature",
      "id": 48,
      "geometry": {
        "type": "Polygon",
        "coordinates": [
          [
            [
              116.36045939368579,
              39.93681043696051
            ],
            [
              116.36140827093415,
              39.93681043696051
            ],
            [
              116.36140827093415,
              39.93735295952134
            ],
            [
              116.36045939368579,
              39.93735295952134
            ],
            [
              116.36045939368579,
              39.93681043696051
            ]
          ]
        ]
      },
      "properties": {
        "id": 48,
        "name": "建筑 48",
        "height": 102,
        "floors": 34,
        "type": "commercial",
        "yearBuilt": 2020,
        "address": "示例路 463 号",
        "properties": {
          "area": 4863,
          "usage": "commercial"
        }
      }
    },
    {
      "type": "Feature",
      "id": 49,
      "geometry": {
        "type": "Polygon",
        "coordinates": [
          [
            [
              116.37547490216126,
              39.94409643460647
            ],
            [
              116.37652825883019,
              39.94409643460647
            ],
            [
              116.37652825883019,
              39.944445707720874
            ],
            [
              116.37547490216126,
              39.944445707720874
            ],
            [
              116.37547490216126,
              39.94409643460647
            ]
          ]
        ]
      },
      "properties": {
        "id": 49,
        "name": "建筑 49",
        "height": 76,
        "floors": 25,
        "type": "residential",
        "yearBuilt": 2004,
        "address": "示例路 511 号",
        "properties": {
          "area": 3475,
          "usage": "residential"
        }
      }
    },
    {
      "type": "Feature",
      "id": 50,
      "geometry": {
        "type": "Polygon",
        "coordinates": [
          [
            [
              116.41968420954565,
              39.88145379235662
            ],
            [
              116.42075108358146,
              39.88145379235662
            ],
            [
              116.42075108358146,
              39.88237675979994
            ],
            [
              116.41968420954565,
              39.88237675979994
            ],
            [
              116.41968420954565,
              39.88145379235662
            ]
          ]
        ]
      },
      "properties": {
        "id": 50,
        "name": "建筑 50",
        "height": 127,
        "floors": 42,
        "type": "commercial",
        "yearBuilt": 1984,
        "address": "示例路 575 号",
        "properties": {
          "area": 9310,
          "usage": "commercial"
        }
      }
    },
    {
      "type": "Feature",
      "id": 51,
      "geometry": {
        "type": "Polygon",
        "coordinates": [
          [
            [
              116.36069829711448,
              39.93477442837974
            ],
            [
              116.3613445828096,
              39.93477442837974
            ],
            [
              116.3613445828096,
              39.93561011459253
            ],
            [
              116.36069829711448,
              39.93561011459253
            ],
            [
              116.36069829711448,
              39.93477442837974
            ]
          ]
        ]
      },
      "properties": {
        "id": 51,
        "name": "建筑 51",
        "height": 53,
        "floors": 17,
        "type": "public",
        "yearBuilt": 1982,
        "address": "示例路 17 号",
        "properties": {
          "area": 5102,
          "usage": "public"
        }
      }
    },
    {
      "type": "Feature",
      "id": 52,
      "geometry": {
        "type": "Polygon",
        "coordinates": [
          [
            [
              116.40427453818414,
              39.90354938208155
            ],
            [
              116.40531273208157,
              39.90354938208155
            ],
            [
              116.40531273208157,
              39.90461052847736
            ],
            [
              116.40427453818414,
              39.90461052847736
            ],
            [
              116.40427453818414,
              39.90354938208155
            ]
          ]
        ]
      },
      "properties": {
        "id": 52,
        "name": "建筑 52",
        "height": 52,
        "floors": 17,
        "type": "commercial",
        "yearBuilt": 1992,
        "address": "示例路 237 号",
        "properties": {
          "area": 10412,
          "usage": "commercial"
        }
      }
    },
    {
      "type": "Feature",
      "id": 53,
      "geometry": {
        "type": "Polygon",
        "coordinates": [
          [
            [
              116.39954178037884,
              39.933936225884416
            ],
            [
              116.40035113925882,
              39.933936225884416
            ],
            [
              116.40035113925882,
              39.934783740120096
            ],
            [
              116.39954178037884,
              39.934783740120096
            ],
            [
              116.39954178037884,
              39.933936225884416
            ]
          ]
        ]
      },
      "properties": {
        "id": 53,
        "name": "建筑 53",
        "height": 27,
        "floors": 9,
        "type": "residential",
        "yearBuilt": 2006,
        "address": "示例路 322 号",
        "properties": {
          "area": 6480,
          "usage": "residential"
        }
      }
    },
    {
      "type": "Feature",
      "id": 54,
      "geometry": {
        "type": "Polygon",
        "coordinates": [
          [
            [
              116.4346326483751,
              39.899174991475384
            ],
            [
              116.435146270361,
              39.899174991475384
            ],
            [
              116.435146270361,
              39.89967758894124
            ],
            [
              116.4346326483751,
              39.89967758894124
            ],
            [
              116.4346326483751,
              39.899174991475384
            ]
          ]
        ]
      },
      "properties": {
        "id": 54,
        "name": "建筑 54",
        "height": 103,
        "floors": 34,
        "type": "industrial",
        "yearBuilt": 1994,
        "address": "示例路 472 号",
        "properties": {
          "area": 2440,
          "usage": "industrial"
        }
      }
    },
    {
      "type": "Feature",
      "id": 55,
      "geometry": {
        "type": "Polygon",
        "coordinates": [
          [
            [
              116.38746234415349,
              39.88832051416297
            ],
            [
              116.38847228294314,
              39.88832051416297
            ],
            [
              116.38847228294314,
              39.888750855363355
            ],
            [
              116.38746234415349,
              39.888750855363355
            ],
            [
              116.38746234415349,
              39.88832051416297
            ]
          ]
        ]
      },
      "properties": {
        "id": 55,
        "name": "建筑 55",
        "height": 78,
        "floors": 26,
        "type": "residential",
        "yearBuilt": 2021,
        "address": "示例路 504 号",
        "properties": {
          "area": 4108,
          "usage": "residential"
        }
      }
    },
    {
      "type": "Feature",
      "id": 56,
      "geometry": {
        "type": "Polygon",
        "coordinates": [
          [
            [
              116.43359788632371,
              39.94433066655813
            ],
            [
              116.43418358400822,
              39.94433066655813
            ],
            [
              116.43418358400822,
              39.945080957643086
            ],
            [
              116.43359788632371,
              39.945080957643086
            ],
            [
              116.43359788632371,
              39.94433066655813
            ]
          ]
        ]
      },
      "properties": {
        "id": 56,
        "name": "建筑 56",
        "height": 109,
        "floors": 36,
        "type": "public",
        "yearBuilt": 1982,
        "address": "示例路 577 号",
        "properties": {
          "area": 4151,
          "usage": "public"
        }
      }
    },
    {
      "type": "Feature",
      "id": 57,
      "geometry": {
        "type": "Polygon",
        "coordinates": [
          [
            [
              116.40781597870607,
              39.94294400259015
            ],
            [
              116.40858283049786,
              39.94294400259015
            ],
            [
              116.40858283049786,
              39.943991377275864
            ],
            [
              116.40781597870607,
              39.943991377275864
            ],
            [
              116.40781597870607,
              39.94294400259015
            ]
          ]
        ]
      },
      "properties": {
        "id": 57,
        "name": "建筑 57",
        "height": 66,
        "floors": 22,
        "type": "commercial",
        "yearBuilt": 2008,
        "address": "示例路 491 号",
        "properties": {
          "area": 7587,
          "usage": "commercial"
        }
      }
    },
    {
      "type": "Feature",
      "id": 58,
      "geometry": {
        "type": "Polygon",
        "coordinates": [
          [
            [
              116.43345767369472,
              39.9476412131077
            ],
            [
              116.43403900326113,
              39.9476412131077
            ],
            [
              116.43403900326113,
              39.948232479546775
            ],
            [
              116.43345767369472,
              39.948232479546775
            ],
            [
              116.43345767369472,
              39.9476412131077
            ]
          ]
        ]
      },
      "properties": {
        "id": 58,
        "name": "建筑 58",
        "height": 21,
        "floors": 7,
        "type": "commercial",
        "yearBuilt": 2019,
        "address": "示例路 531 号",
        "properties": {
          "area": 3246,
          "usage": "commercial"
        }
      }
    },
    {
      "type": "Feature",
      "id": 59,
      "geometry": {
        "type": "Polygon",
        "coordinates": [
          [
            [
              116.40268203874142,
              39.93859080080118
            ],
            [
              116.40311167573047,
              39.93859080080118
            ],
            [
              116.40311167573047,
              39.93924335976876
            ],
            [
              116.40268203874142,
              39.93924335976876
            ],
            [
              116.40268203874142,
              39.93859080080118
            ]
          ]
        ]
      },
      "properties": {
        "id": 59,
        "name": "建筑 59",
        "height": 133,
        "floors": 44,
        "type": "commercial",
        "yearBuilt": 1996,
        "address": "示例路 857 号",
        "properties": {
          "area": 2648,
          "usage": "commercial"
        }
      }
    },
    {
      "type": "Feature",
      "id": 60,
      "geometry": {
        "type": "Polygon",
        "coordinates": [
          [
            [
              116.40831492730997,
              39.874362871377684
            ],
            [
              116.40885696584496,
              39.874362871377684
            ],
            [
              116.40885696584496,
              39.87523937674117
            ],
            [
              116.40831492730997,
              39.87523937674117
            ],
            [
              116.40831492730997,
              39.874362871377684
            ]
          ]
        ]
      },
      "properties": {
        "id": 60,
        "name": "建筑 60",
        "height": 63,
        "floors": 21,
        "type": "commercial",
        "yearBuilt": 2000,
        "address": "示例路 673 号",
        "properties": {
          "area": 4492,
          "usage": "commercial"
        }
      }
    },
    {
      "type": "Feature",
      "id": 61,
      "geometry": {
        "type": "Polygon",
        "coordinates": [
          [
            [
              116.42865039242923,
              39.942396826291095
            ],
            [
              116.42965250414281,
              39.942396826291095
            ],
            [
              116.42965250414281,
              39.943092247742506
            ],
            [
              116.42865039242923,
              39.943092247742506
            ],
            [
              116.42865039242923,
              39.942396826291095
            ]
          ]
        ]
      },
      "properties": {
        "id": 61,
        "name": "建筑 61",
        "height": 40,
        "floors": 13,
        "type": "commercial",
        "yearBuilt": 2017,
        "address": "示例路 803 号",
        "properties": {
          "area": 6583,
          "usage": "commercial"
        }
      }
    },
    {
      "type": "Feature",
      "id": 62,
      "geometry": {
        "type": "Polygon",
        "coordinates": [
          [
            [
              116.35786567000822,
              39.91977739541425
            ],
            [
              116.35864628450304,
              39.91977739541425
            ],
            [
              116.35864628450304,
              39.92022582004673
            ],
            [
              116.35786567000822,
              39.92022582004673
            ],
            [
              116.35786567000822,
              39.91977739541425
            ]
          ]
        ]
      },
      "properties": {
        "id": 62,
        "name": "建筑 62",
        "height": 95,
        "floors": 31,
        "type": "residential",
        "yearBuilt": 1990,
        "address": "示例路 345 号",
        "properties": {
          "area": 3307,
          "usage": "residential"
        }
      }
    },
    {
      "type": "Feature",
      "id": 63,
      "geometry": {
        "type": "Polygon",
        "coordinates": [
          [
            [
              116.39604496305599,
              39.906264182767366
            ],
            [
              116.39661989146539,
              39.906264182767366
            ],
            [
              116.39661989146539,
              39.90677497887881
            ],
            [
              116.39604496305599,
              39.90677497887881
            ],
            [
              116.39604496305599,
              39.906264182767366
            ]
          ]
        ]
      },
      "properties": {
        "id": 63,
        "name": "建筑 63",
        "height": 12,
        "floors": 4,
        "type": "commercial",
        "yearBuilt": 2018,
        "address": "示例路 305 号",
        "properties": {
          "area": 2775,
          "usage": "commercial"
        }
      }
    },
    {
      "type": "Feature",
      "id": 64,
      "geometry": {
        "type": "Polygon",
        "coordinates": [
          [
            [
              116.38462220179531,
              39.90987788547716
            ],
            [
              116.38523061823224,
              39.90987788547716
            ],
            [
              116.38523061823224,
              39.91055713224772
            ],
            [
              116.38462220179531,
              39.91055713224772
            ],
            [
              116.38462220179531,
              39.90987788547716
            ]
          ]
        ]
      },
      "properties": {
        "id": 64,
        "name": "建筑 64",
        "height": 55,
        "floors": 18,
        "type": "residential",
        "yearBuilt": 2005,
        "address": "示例路 284 号",
        "properties": {
          "area": 3905,
          "usage": "residential"
        }
      }
    },
    {
      "type": "Feature",
      "id": 65,
      "geometry": {
        "type": "Polygon",
        "coordinates": [
          [
            [
              116.41306418112143,
              39.8755972688502
            ],
            [
              116.4135889236222,
              39.8755972688502
            ],
            [
              116.4135889236222,
              39.876342783416355
            ],
            [
              116.41306418112143,
              39.876342783416355
            ],
            [
              116.41306418112143,
              39.8755972688502
            ]
          ]
        ]
      },
      "properties": {
        "id": 65,
        "name": "建筑 65",
        "height": 54,
        "floors": 18,
        "type": "industrial",
        "yearBuilt": 2014,
        "address": "示例路 908 号",
        "properties": {
          "area": 3699,
          "usage": "industrial"
        }
      }
    },
    {
      "type": "Feature",
      "id": 66,
      "geometry": {
        "type": "Polygon",
        "coordinates": [
          [
            [
              116.3998686491035,
              39.92453087456936
            ],
            [
              116.40080981006282,
              39.92453087456936
            ],
            [
              116.40080981006282,
              39.925617016681066
            ],
            [
              116.3998686491035,
              39.925617016681066
            ],
            [
              116.3998686491035,
              39.92453087456936
            ]
          ]
        ]
      },
      "properties": {
        "id": 66,
        "name": "建筑 66",
        "height": 28,
        "floors": 9,
        "type": "residential",
        "yearBuilt": 2018,
        "address": "示例路 319 号",
        "properties": {
          "area": 9658,
          "usage": "residential"
        }
      }
    },
    {
      "type": "Feature",
      "id": 67,
      "geometry": {
        "type": "Polygon",
        "coordinates": [
          [
            [
              116.36989816528339,
              39.92247684135113
            ],
            [
              116.3704599862512,
              39.92247684135113
            ],
            [
              116.3704599862512,
              39.92278204602729
            ],
            [
              116.36989816528339,
              39.92278204602729
            ],
            [
              116.36989816528339,
              39.92247684135113
            ]
          ]
        ]
      },
      "properties": {
        "id": 67,
        "name": "建筑 67",
        "height": 131,
        "floors": 43,
        "type": "residential",
        "yearBuilt": 2012,
        "address": "示例路 691 号",
        "properties": {
          "area": 1620,
          "usage": "residential"
        }
      }
    },
    {
      "type": "Feature",
      "id": 68,
      "geometry": {
        "type": "Polygon",
        "coordinates": [
          [
            [
              116.42405384112303,
              39.89887093373737
            ],
            [
              116.42460704555417,
              39.89887093373737
            ],
            [
              116.42460704555417,
              39.89932068636474
            ],
            [
              116.42405384112303,
              39.89932068636474
            ],
            [
              116.42405384112303,
              39.89887093373737
            ]
          ]
        ]
      },
      "properties": {
        "id": 68,
        "name": "建筑 68",
        "height": 36,
        "floors": 12,
        "type": "industrial",
        "yearBuilt": 2000,
        "address": "示例路 794 号",
        "properties": {
          "area": 2351,
          "usage": "industrial"
        }
      }
    },
    {
      "type": "Feature",
      "id": 69,
      "geometry": {
        "type": "Polygon",
        "coordinates": [
          [
            [
              116.37633900409736,
              39.893502354172945
            ],
            [
              116.37692084634934,
              39.893502354172945
            ],
            [
              116.37692084634934,
              39.89434224109139
            ],
            [
              116.37633900409736,
              39.89434224109139
            ],
            [
              116.37633900409736,
              39.893502354172945
            ]
          ]
        ]
      },
      "properties": {
        "id": 69,
        "name": "建筑 69",
        "height": 103,
        "floors": 34,
        "type": "industrial",
        "yearBuilt": 1994,
        "address": "示例路 489 号",
        "properties": {
          "area": 4619,
          "usage": "industrial"
        }
      }
    },
    {
      "type": "Feature",
      "id": 70,
      "geometry": {
        "type": "Polygon",
        "coordinates": [
          [
            [
              116.39356052944044,
              39.89858803946927
            ],
            [
              116.39413911433059,
              39.89858803946927
            ],
            [
              116.39413911433059,
              39.89937239946165
            ],
            [
              116.39356052944044,
              39.89937239946165
            ],
            [
              116.39356052944044,
              39.89858803946927
            ]
          ]
        ]
      },
      "properties": {
        "id": 70,
        "name": "建筑 70",
        "height": 155,
        "floors": 51,
        "type": "residential",
        "yearBuilt": 2014,
        "address": "示例路 810 号",
        "properties": {
          "area": 4289,
          "usage": "residential"
        }
      }
    },
    {
      "type": "Feature",
      "id": 71,
      "geometry": {
        "type": "Polygon",
        "coordinates": [
          [
            [
              116.37425904646393,
              39.9018162096075
            ],
            [
              116.37493034031189,
              39.9018162096075
            ],
            [
              116.37493034031189,
              39.9023724071834
            ],
            [
              116.37425904646393,
              39.9023724071834
            ],
            [
              116.37425904646393,
              39.9018162096075
            ]
          ]
        ]
      },
      "properties": {
        "id": 71,
        "name": "建筑 71",
        "height": 53,
        "floors": 17,
        "type": "commercial",
        "yearBuilt": 1984,
        "address": "示例路 49 号",
        "properties": {
          "area": 3529,
          "usage": "commercial"
        }
      }
    },
    {
      "type": "Feature",
      "id": 72,
      "geometry": {
        "type": "Polygon",
        "coordinates": [
          [
            [
              116.36574302909167,
              39.89426193297721
            ],
            [
              116.36671657336464,
              39.89426193297721
            ],
            [
              116.36671657336464,
              39.89507732424632
            ],
            [
              116.36574302909167,
              39.89507732424632
            ],
            [
              116.36574302909167,
              39.89426193297721
            ]
          ]
        ]
      },
      "properties": {
        "id": 72,
        "name": "建筑 72",
        "height": 32,
        "floors": 10,
        "type": "industrial",
        "yearBuilt": 1991,
        "address": "示例路 452 号",
        "properties": {
          "area": 7504,
          "usage": "industrial"
        }
      }
    },
    {
      "type": "Feature",
      "id": 73,
      "geometry": {
        "type": "Polygon",
        "coordinates": [
          [
            [
              116.38747584686523,
              39.92218117033404
            ],
            [
              116.38845665179333,
              39.92218117033404
            ],
            [
              116.38845665179333,
              39.92315003321433
            ],
            [
              116.38747584686523,
              39.92315003321433
            ],
            [
              116.38747584686523,
              39.92218117033404
            ]
          ]
        ]
      },
      "properties": {
        "id": 73,
        "name": "建筑 73",
        "height": 52,
        "floors": 17,
        "type": "industrial",
        "yearBuilt": 1986,
        "address": "示例路 146 号",
        "properties": {
          "area": 8979,
          "usage": "industrial"
        }
      }
    },
    {
      "type": "Feature",
      "id": 74,
      "geometry": {
        "type": "Polygon",
        "coordinates": [
          [
            [
              116.37571022425726,
              39.871971415238136
            ],
            [
              116.37619309321997,
              39.871971415238136
            ],
            [
              116.37619309321997,
              39.87256858229238
            ],
            [
              116.37571022425726,
              39.87256858229238
            ],
            [
              116.37571022425726,
              39.871971415238136
            ]
          ]
        ]
      },
      "properties": {
        "id": 74,
        "name": "建筑 74",
        "height": 57,
        "floors": 19,
        "type": "public",
        "yearBuilt": 2013,
        "address": "示例路 89 号",
        "properties": {
          "area": 2726,
          "usage": "public"
        }
      }
    },
    {
      "type": "Feature",
      "id": 75,
      "geometry": {
        "type": "Polygon",
        "coordinates": [
          [
            [
              116.43455564859083,
              39.878014713361054
            ],
            [
              116.4351505670827,
              39.878014713361054
            ],
            [
              116.4351505670827,
              39.878943135594255
            ],
            [
              116.43455564859083,
              39.878943135594255
            ],
            [
              116.43455564859083,
              39.878014713361054
            ]
          ]
        ]
      },
      "properties": {
        "id": 75,
        "name": "建筑 75",
        "height": 93,
        "floors": 31,
        "type": "residential",
        "yearBuilt": 1989,
        "address": "示例路 341 号",
        "properties": {
          "area": 5222,
          "usage": "residential"
        }
      }
    },
    {
      "type": "Feature",
      "id": 76,
      "geometry": {
        "type": "Polygon",
        "coordinates": [
          [
            [
              116.36556389502293,
              39.888394163640434
            ],
            [
              116.36647218289103,
              39.888394163640434
            ],
            [
              116.36647218289103,
              39.88938064286033
            ],
            [
              116.36556389502293,
              39.88938064286033
            ],
            [
              116.36556389502293,
              39.888394163640434
            ]
          ]
        ]
      },
      "properties": {
        "id": 76,
        "name": "建筑 76",
        "height": 94,
        "floors": 31,
        "type": "residential",
        "yearBuilt": 2013,
        "address": "示例路 882 号",
        "properties": {
          "area": 8470,
          "usage": "residential"
        }
      }
    },
    {
      "type": "Feature",
      "id": 77,
      "geometry": {
        "type": "Polygon",
        "coordinates": [
          [
            [
              116.42226852561882,
              39.883435571687386
            ],
            [
              116.42277124822837,
              39.883435571687386
            ],
            [
              116.42277124822837,
              39.883870434811655
            ],
            [
              116.42226852561882,
              39.883870434811655
            ],
            [
              116.42226852561882,
              39.883435571687386
            ]
          ]
        ]
      },
      "properties": {
        "id": 77,
        "name": "建筑 77",
        "height": 35,
        "floors": 11,
        "type": "public",
        "yearBuilt": 2018,
        "address": "示例路 691 号",
        "properties": {
          "area": 2066,
          "usage": "public"
        }
      }
    },
    {
      "type": "Feature",
      "id": 78,
      "geometry": {
        "type": "Polygon",
        "coordinates": [
          [
            [
              116.36918602615249,
              39.9297241890585
            ],
            [
              116.36968738949068,
              39.9297241890585
            ],
            [
              116.36968738949068,
              39.93004632541406
            ],
            [
              116.36918602615249,
              39.93004632541406
            ],
            [
              116.36918602615249,
              39.9297241890585
            ]
          ]
        ]
      },
      "properties": {
        "id": 78,
        "name": "建筑 78",
        "height": 88,
        "floors": 29,
        "type": "commercial",
        "yearBuilt": 1998,
        "address": "示例路 370 号",
        "properties": {
          "area": 1525,
          "usage": "commercial"
        }
      }
    },
    {
      "type": "Feature",
      "id": 79,
      "geometry": {
        "type": "Polygon",
        "coordinates": [
          [
            [
              116.38423853479728,
              39.935968214177
            ],
            [
              116.38487452035271,
              39.935968214177
            ],
            [
              116.38487452035271,
              39.93629833442884
            ],
            [
              116.38423853479728,
              39.93629833442884
            ],
            [
              116.38423853479728,
              39.935968214177
            ]
          ]
        ]
      },
      "properties": {
        "id": 79,
        "name": "建筑 79",
        "height": 86,
        "floors": 28,
        "type": "residential",
        "yearBuilt": 1995,
        "address": "示例路 990 号",
        "properties": {
          "area": 1983,
          "usage": "residential"
        }
      }
    },
    {
      "type": "Feature",
      "id": 80,
      "geometry": {
        "type": "Polygon",
        "coordinates": [
          [
            [
              116.41760293599303,
              39.879366520829045
            ],
            [
              116.41826145703395,
              39.879366520829045
            ],
            [
              116.41826145703395,
              39.880371260086505
            ],
            [
              116.41760293599303,
              39.880371260086505
            ],
            [
              116.41760293599303,
              39.879366520829045
            ]
          ]
        ]
      },
      "properties": {
        "id": 80,
        "name": "建筑 80",
        "height": 49,
        "floors": 16,
        "type": "residential",
        "yearBuilt": 1980,
        "address": "示例路 796 号",
        "properties": {
          "area": 6255,
          "usage": "residential"
        }
      }
    },
    {
      "type": "Feature",
      "id": 81,
      "geometry": {
        "type": "Polygon",
        "coordinates": [
          [
            [
              116.42753163762173,
              39.90193103033608
            ],
            [
              116.42856332854373,
              39.90193103033608
            ],
            [
              116.42856332854373,
              39.90231778271407
            ],
            [
              116.42753163762173,
              39.90231778271407
            ],
            [
              116.42753163762173,
              39.90193103033608
            ]
          ]
        ]
      },
      "properties": {
        "id": 81,
        "name": "建筑 81",
        "height": 26,
        "floors": 8,
        "type": "public",
        "yearBuilt": 1981,
        "address": "示例路 679 号",
        "properties": {
          "area": 3771,
          "usage": "public"
        }
      }
    },
    {
      "type": "Feature",
      "id": 82,
      "geometry": {
        "type": "Polygon",
        "coordinates": [
          [
            [
              116.42992493164054,
              39.889461105352545
            ],
            [
              116.43026150167928,
              39.889461105352545
            ],
            [
              116.43026150167928,
              39.890223958389
            ],
            [
              116.42992493164054,
              39.890223958389
            ],
            [
              116.42992493164054,
              39.889461105352545
            ]
          ]
        ]
      },
      "properties": {
        "id": 82,
        "name": "建筑 82",
        "height": 85,
        "floors": 28,
        "type": "public",
        "yearBuilt": 2015,
        "address": "示例路 539 号",
        "properties": {
          "area": 2427,
          "usage": "public"
        }
      }
    },
    {
      "type": "Feature",
      "id": 83,
      "geometry": {
        "type": "Polygon",
        "coordinates": [
          [
            [
              116.38445591236388,
              39.90174013624391
            ],
            [
              116.38524323323101,
              39.90174013624391
            ],
            [
              116.38524323323101,
              39.90230496060032
            ],
            [
              116.38445591236388,
              39.90230496060032
            ],
            [
              116.38445591236388,
              39.90174013624391
            ]
          ]
        ]
      },
      "properties": {
        "id": 83,
        "name": "建筑 83",
        "height": 110,
        "floors": 36,
        "type": "commercial",
        "yearBuilt": 2010,
        "address": "示例路 236 号",
        "properties": {
          "area": 4203,
          "usage": "commercial"
        }
      }
    },
    {
      "type": "Feature",
      "id": 84,
      "geometry": {
        "type": "Polygon",
        "coordinates": [
          [
            [
              116.40178870404054,
              39.8739034980005
            ],
            [
              116.40220458107008,
              39.8739034980005
            ],
            [
              116.40220458107008,
              39.87451778865046
            ],
            [
              116.40178870404054,
              39.87451778865046
            ],
            [
              116.40178870404054,
              39.8739034980005
            ]
          ]
        ]
      },
      "properties": {
        "id": 84,
        "name": "建筑 84",
        "height": 121,
        "floors": 40,
        "type": "public",
        "yearBuilt": 2003,
        "address": "示例路 817 号",
        "properties": {
          "area": 2415,
          "usage": "public"
        }
      }
    },
    {
      "type": "Feature",
      "id": 85,
      "geometry": {
        "type": "Polygon",
        "coordinates": [
          [
            [
              116.42956087019253,
              39.90474734402034
            ],
            [
              116.43049767623592,
              39.90474734402034
            ],
            [
              116.43049767623592,
              39.905271843052816
            ],
            [
              116.42956087019253,
              39.905271843052816
            ],
            [
              116.42956087019253,
              39.90474734402034
            ]
          ]
        ]
      },
      "properties": {
        "id": 85,
        "name": "建筑 85",
        "height": 18,
        "floors": 6,
        "type": "residential",
        "yearBuilt": 1992,
        "address": "示例路 223 号",
        "properties": {
          "area": 4644,
          "usage": "residential"
        }
      }
    },
    {
      "type": "Feature",
      "id": 86,
      "geometry": {
        "type": "Polygon",
        "coordinates": [
          [
            [
              116.42374291282813,
              39.88402784990865
            ],
            [
              116.42431874993909,
              39.88402784990865
            ],
            [
              116.42431874993909,
              39.88488861964262
            ],
            [
              116.42374291282813,
              39.88488861964262
            ],
            [
              116.42374291282813,
              39.88402784990865
            ]
          ]
        ]
      },
      "properties": {
        "id": 86,
        "name": "建筑 86",
        "height": 12,
        "floors": 4,
        "type": "public",
        "yearBuilt": 1999,
        "address": "示例路 542 号",
        "properties": {
          "area": 4686,
          "usage": "public"
        }
      }
    },
    {
      "type": "Feature",
      "id": 87,
      "geometry": {
        "type": "Polygon",
        "coordinates": [
          [
            [
              116.42249797219702,
              39.920912806943264
            ],
            [
              116.42299958573956,
              39.920912806943264
            ],
            [
              116.42299958573956,
              39.921782533732085
            ],
            [
              116.42249797219702,
              39.921782533732085
            ],
            [
              116.42249797219702,
              39.920912806943264
            ]
          ]
        ]
      },
      "properties": {
        "id": 87,
        "name": "建筑 87",
        "height": 58,
        "floors": 19,
        "type": "commercial",
        "yearBuilt": 2002,
        "address": "示例路 769 号",
        "properties": {
          "area": 4122,
          "usage": "commercial"
        }
      }
    },
    {
      "type": "Feature",
      "id": 88,
      "geometry": {
        "type": "Polygon",
        "coordinates": [
          [
            [
              116.3694951401056,
              39.919431057734535
            ],
            [
              116.37037778172844,
              39.919431057734535
            ],
            [
              116.37037778172844,
              39.92023831145168
            ],
            [
              116.3694951401056,
              39.92023831145168
            ],
            [
              116.3694951401056,
              39.919431057734535
            ]
          ]
        ]
      },
      "properties": {
        "id": 88,
        "name": "建筑 88",
        "height": 136,
        "floors": 45,
        "type": "residential",
        "yearBuilt": 2022,
        "address": "示例路 688 号",
        "properties": {
          "area": 6732,
          "usage": "residential"
        }
      }
    },
    {
      "type": "Feature",
      "id": 89,
      "geometry": {
        "type": "Polygon",
        "coordinates": [
          [
            [
              116.41213883381708,
              39.87559600823274
            ],
            [
              116.41255387035717,
              39.87559600823274
            ],
            [
              116.41255387035717,
              39.87649054429982
            ],
            [
              116.41213883381708,
              39.87649054429982
            ],
            [
              116.41213883381708,
              39.87559600823274
            ]
          ]
        ]
      },
      "properties": {
        "id": 89,
        "name": "建筑 89",
        "height": 102,
        "floors": 34,
        "type": "public",
        "yearBuilt": 1991,
        "address": "示例路 801 号",
        "properties": {
          "area": 3510,
          "usage": "public"
        }
      }
    },
    {
      "type": "Feature",
      "id": 90,
      "geometry": {
        "type": "Polygon",
        "coordinates": [
          [
            [
              116.43368186639158,
              39.917504353035575
            ],
            [
              116.43409944197094,
              39.917504353035575
            ],
            [
              116.43409944197094,
              39.91821669493724
            ],
            [
              116.43368186639158,
              39.91821669493724
            ],
            [
              116.43368186639158,
              39.917504353035575
            ]
          ]
        ]
      },
      "properties": {
        "id": 90,
        "name": "建筑 90",
        "height": 89,
        "floors": 29,
        "type": "industrial",
        "yearBuilt": 2023,
        "address": "示例路 954 号",
        "properties": {
          "area": 2810,
          "usage": "industrial"
        }
      }
    },
    {
      "type": "Feature",
      "id": 91,
      "geometry": {
        "type": "Polygon",
        "coordinates": [
          [
            [
              116.37566285522378,
              39.908527594625845
            ],
            [
              116.3763889337528,
              39.908527594625845
            ],
            [
              116.3763889337528,
              39.909293707011834
            ],
            [
              116.37566285522378,
              39.909293707011834
            ],
            [
              116.37566285522378,
              39.908527594625845
            ]
          ]
        ]
      },
      "properties": {
        "id": 91,
        "name": "建筑 91",
        "height": 90,
        "floors": 30,
        "type": "residential",
        "yearBuilt": 2013,
        "address": "示例路 221 号",
        "properties": {
          "area": 5257,
          "usage": "residential"
        }
      }
    },
    {
      "type": "Feature",
      "id": 92,
      "geometry": {
        "type": "Polygon",
        "coordinates": [
          [
            [
              116.39227959391903,
              39.925397747037415
            ],
            [
              116.39326265295496,
              39.925397747037415
            ],
            [
              116.39326265295496,
              39.925935468397576
            ],
            [
              116.39227959391903,
              39.925935468397576
            ],
            [
              116.39227959391903,
              39.925397747037415
            ]
          ]
        ]
      },
      "properties": {
        "id": 92,
        "name": "建筑 92",
        "height": 30,
        "floors": 10,
        "type": "residential",
        "yearBuilt": 2001,
        "address": "示例路 705 号",
        "properties": {
          "area": 4994,
          "usage": "residential"
        }
      }
    },
    {
      "type": "Feature",
      "id": 93,
      "geometry": {
        "type": "Polygon",
        "coordinates": [
          [
            [
              116.37668025164308,
              39.914846295576936
            ],
            [
              116.3771768796973,
              39.914846295576936
            ],
            [
              116.3771768796973,
              39.91556907877749
            ],
            [
              116.37668025164308,
              39.91556907877749
            ],
            [
              116.37668025164308,
              39.914846295576936
            ]
          ]
        ]
      },
      "properties": {
        "id": 93,
        "name": "建筑 93",
        "height": 102,
        "floors": 34,
        "type": "public",
        "yearBuilt": 1998,
        "address": "示例路 650 号",
        "properties": {
          "area": 3392,
          "usage": "public"
        }
      }
    },
    {
      "type": "Feature",
      "id": 94,
      "geometry": {
        "type": "Polygon",
        "coordinates": [
          [
            [
              116.37203393172993,
              39.90732440681957
            ],
            [
              116.37260442343549,
              39.90732440681957
            ],
            [
              116.37260442343549,
              39.90777442905037
            ],
            [
              116.37203393172993,
              39.90777442905037
            ],
            [
              116.37203393172993,
              39.90732440681957
            ]
          ]
        ]
      },
      "properties": {
        "id": 94,
        "name": "建筑 94",
        "height": 135,
        "floors": 45,
        "type": "public",
        "yearBuilt": 1997,
        "address": "示例路 927 号",
        "properties": {
          "area": 2426,
          "usage": "public"
        }
      }
    },
    {
      "type": "Feature",
      "id": 95,
      "geometry": {
        "type": "Polygon",
        "coordinates": [
          [
            [
              116.41128294313306,
              39.881325857318195
            ],
            [
              116.41175658383145,
              39.881325857318195
            ],
            [
              116.41175658383145,
              39.88208040124709
            ],
            [
              116.41128294313306,
              39.88208040124709
            ],
            [
              116.41128294313306,
              39.881325857318195
            ]
          ]
        ]
      },
      "properties": {
        "id": 95,
        "name": "建筑 95",
        "height": 39,
        "floors": 13,
        "type": "commercial",
        "yearBuilt": 2020,
        "address": "示例路 190 号",
        "properties": {
          "area": 3378,
          "usage": "commercial"
        }
      }
    },
    {
      "type": "Feature",
      "id": 96,
      "geometry": {
        "type": "Polygon",
        "coordinates": [
          [
            [
              116.37038402703146,
              39.93922609114525
            ],
            [
              116.37140233816727,
              39.93922609114525
            ],
            [
              116.37140233816727,
              39.94019507964137
            ],
            [
              116.37038402703146,
              39.94019507964137
            ],
            [
              116.37038402703146,
              39.93922609114525
            ]
          ]
        ]
      },
      "properties": {
        "id": 96,
        "name": "建筑 96",
        "height": 32,
        "floors": 10,
        "type": "industrial",
        "yearBuilt": 1990,
        "address": "示例路 895 号",
        "properties": {
          "area": 9321,
          "usage": "industrial"
        }
      }
    },
    {
      "type": "Feature",
      "id": 97,
      "geometry": {
        "type": "Polygon",
        "coordinates": [
          [
            [
              116.4082410207957,
              39.908058638465086
            ],
            [
              116.40861766924385,
              39.908058638465086
            ],
            [
              116.40861766924385,
              39.90838748669054
            ],
            [
              116.4082410207957,
              39.90838748669054
            ],
            [
              116.4082410207957,
              39.908058638465086
            ]
          ]
        ]
      },
      "properties": {
        "id": 97,
        "name": "建筑 97",
        "height": 42,
        "floors": 14,
        "type": "public",
        "yearBuilt": 1994,
        "address": "示例路 420 号",
        "properties": {
          "area": 1170,
          "usage": "public"
        }
      }
    },
    {
      "type": "Feature",
      "id": 98,
      "geometry": {
        "type": "Polygon",
        "coordinates": [
          [
            [
              116.43654046039009,
              39.92697739565436
            ],
            [
              116.43739342154393,
              39.92697739565436
            ],
            [
              116.43739342154393,
              39.92796537991246
            ],
            [
              116.43654046039009,
              39.92796537991246
            ],
            [
              116.43654046039009,
              39.92697739565436
            ]
          ]
        ]
      },
      "properties": {
        "id": 98,
        "name": "建筑 98",
        "height": 52,
        "floors": 17,
        "type": "commercial",
        "yearBuilt": 1993,
        "address": "示例路 541 号",
        "properties": {
          "area": 7962,
          "usage": "commercial"
        }
      }
    },
    {
      "type": "Feature",
      "id": 99,
      "geometry": {
        "type": "Polygon",
        "coordinates": [
          [
            [
              116.38912090162918,
              39.89129455997428
            ],
            [
              116.38996592893369,
              39.89129455997428
            ],
            [
              116.38996592893369,
              39.892273356097924
            ],
            [
              116.38912090162918,
              39.892273356097924
            ],
            [
              116.38912090162918,
              39.89129455997428
            ]
          ]
        ]
      },
      "properties": {
        "id": 99,
        "name": "建筑 99",
        "height": 139,
        "floors": 46,
        "type": "commercial",
        "yearBuilt": 2002,
        "address": "示例路 115 号",
        "properties": {
          "area": 7819,
          "usage": "commercial"
        }
      }
    },
    {
      "type": "Feature",
      "id": 100,
      "geometry": {
        "type": "Polygon",
        "coordinates": [
          [
            [
              116.39561278422225,
              39.88359844344117
            ],
            [
              116.39658541049013,
              39.88359844344117
            ],
            [
              116.39658541049013,
              39.884187730028664
            ],
            [
              116.39561278422225,
              39.884187730028664
            ],
            [
              116.39561278422225,
              39.88359844344117
            ]
          ]
        ]
      },
      "properties": {
        "id": 100,
        "name": "建筑 100",
        "height": 52,
        "floors": 17,
        "type": "commercial",
        "yearBuilt": 1986,
        "address": "示例路 760 号",
        "properties": {
          "area": 5418,
          "usage": "commercial"
        }
      }
    },
    {
      "type": "Feature",
      "id": 101,
      "geometry": {
        "type": "Polygon",
        "coordinates": [
          [
            [
              116.41915823305848,
              39.87423369304604
            ],
            [
              116.42017511311194,
              39.87423369304604
            ],
            [
              116.42017511311194,
              39.87483840988012
            ],
            [
              116.41915823305848,
              39.87483840988012
            ],
            [
              116.41915823305848,
              39.87423369304604
            ]
          ]
        ]
      },
      "properties": {
        "id": 101,
        "name": "建筑 101",
        "height": 115,
        "floors": 38,
        "type": "commercial",
        "yearBuilt": 1998,
        "address": "示例路 573 号",
        "properties": {
          "area": 5814,
          "usage": "commercial"
        }
      }
    },
    {
      "type": "Feature",
      "id": 102,
      "geometry": {
        "type": "Polygon",
        "coordinates": [
          [
            [
              116.37620403249171,
              39.90014195048118
            ],
            [
              116.37656115370075,
              39.90014195048118
            ],
            [
              116.37656115370075,
              39.901229655476655
            ],
            [
              116.37620403249171,
              39.901229655476655
            ],
            [
              116.37620403249171,
              39.90014195048118
            ]
          ]
        ]
      },
      "properties": {
        "id": 102,
        "name": "建筑 102",
        "height": 62,
        "floors": 20,
        "type": "public",
        "yearBuilt": 2010,
        "address": "示例路 410 号",
        "properties": {
          "area": 3671,
          "usage": "public"
        }
      }
    },
    {
      "type": "Feature",
      "id": 103,
      "geometry": {
        "type": "Polygon",
        "coordinates": [
          [
            [
              116.40191863571745,
              39.93501159659379
            ],
            [
              116.40298503020631,
              39.93501159659379
            ],
            [
              116.40298503020631,
              39.93532695066971
            ],
            [
              116.40191863571745,
              39.93532695066971
            ],
            [
              116.40191863571745,
              39.93501159659379
            ]
          ]
        ]
      },
      "properties": {
        "id": 103,
        "name": "建筑 103",
        "height": 108,
        "floors": 36,
        "type": "public",
        "yearBuilt": 1995,
        "address": "示例路 141 号",
        "properties": {
          "area": 3177,
          "usage": "public"
        }
      }
    },
    {
      "type": "Feature",
      "id": 104,
      "geometry": {
        "type": "Polygon",
        "coordinates": [
          [
            [
              116.39591978268744,
              39.894157522627786
            ],
            [
              116.3967046860901,
              39.894157522627786
            ],
            [
              116.3967046860901,
              39.89511820894039
            ],
            [
              116.39591978268744,
              39.89511820894039
            ],
            [
              116.39591978268744,
              39.894157522627786
            ]
          ]
        ]
      },
      "properties": {
        "id": 104,
        "name": "建筑 104",
        "height": 107,
        "floors": 35,
        "type": "residential",
        "yearBuilt": 2021,
        "address": "示例路 599 号",
        "properties": {
          "area": 7128,
          "usage": "residential"
        }
      }
    },
    {
      "type": "Feature",
      "id": 105,
      "geometry": {
        "type": "Polygon",
        "coordinates": [
          [
            [
              116.40206039889134,
              39.89761834534893
            ],
            [
              116.40293401172192,
              39.89761834534893
            ],
            [
              116.40293401172192,
              39.89826893792396
            ],
            [
              116.40206039889134,
              39.89826893792396
            ],
            [
              116.40206039889134,
              39.89761834534893
            ]
          ]
        ]
      },
      "properties": {
        "id": 105,
        "name": "建筑 105",
        "height": 45,
        "floors": 15,
        "type": "commercial",
        "yearBuilt": 1992,
        "address": "示例路 945 号",
        "properties": {
          "area": 5372,
          "usage": "commercial"
        }
      }
    },
    {
      "type": "Feature",
      "id": 106,
      "geometry": {
        "type": "Polygon",
        "coordinates": [
          [
            [
              116.35869100518131,
              39.89717891182882
            ],
            [
              116.35975668594041,
              39.89717891182882
            ],
            [
              116.35975668594041,
              39.8979025886235
            ],
            [
              116.35869100518131,
              39.8979025886235
            ],
            [
              116.35869100518131,
              39.89717891182882
            ]
          ]
        ]
      },
      "properties": {
        "id": 106,
        "name": "建筑 106",
        "height": 93,
        "floors": 31,
        "type": "commercial",
        "yearBuilt": 2014,
        "address": "示例路 413 号",
        "properties": {
          "area": 7289,
          "usage": "commercial"
        }
      }
    },
    {
      "type": "Feature",
      "id": 107,
      "geometry": {
        "type": "Polygon",
        "coordinates": [
          [
            [
              116.40736504756458,
              39.9251034573896
            ],
            [
              116.40807109057795,
              39.9251034573896
            ],
            [
              116.40807109057795,
              39.92540726686193
            ],
            [
              116.40736504756458,
              39.92540726686193
            ],
            [
              116.40736504756458,
              39.9251034573896
            ]
          ]
        ]
      },
      "properties": {
        "id": 107,
        "name": "建筑 107",
        "height": 52,
        "floors": 17,
        "type": "industrial",
        "yearBuilt": 1991,
        "address": "示例路 506 号",
        "properties": {
          "area": 2026,
          "usage": "industrial"
        }
      }
    },
    {
      "type": "Feature",
      "id": 108,
      "geometry": {
        "type": "Polygon",
        "coordinates": [
          [
            [
              116.37179485444865,
              39.92395450512412
            ],
            [
              116.37209705987897,
              39.92395450512412
            ],
            [
              116.37209705987897,
              39.925042006393596
            ],
            [
              116.37179485444865,
              39.925042006393596
            ],
            [
              116.37179485444865,
              39.92395450512412
            ]
          ]
        ]
      },
      "properties": {
        "id": 108,
        "name": "建筑 108",
        "height": 86,
        "floors": 28,
        "type": "commercial",
        "yearBuilt": 2020,
        "address": "示例路 106 号",
        "properties": {
          "area": 3105,
          "usage": "commercial"
        }
      }
    },
    {
      "type": "Feature",
      "id": 109,
      "geometry": {
        "type": "Polygon",
        "coordinates": [
          [
            [
              116.37364632572377,
              39.91568539156366
            ],
            [
              116.37404821986895,
              39.91568539156366
            ],
            [
              116.37404821986895,
              39.916489353326924
            ],
            [
              116.37364632572377,
              39.916489353326924
            ],
            [
              116.37364632572377,
              39.91568539156366
            ]
          ]
        ]
      },
      "properties": {
        "id": 109,
        "name": "建筑 109",
        "height": 157,
        "floors": 52,
        "type": "industrial",
        "yearBuilt": 2006,
        "address": "示例路 445 号",
        "properties": {
          "area": 3053,
          "usage": "industrial"
        }
      }
    },
    {
      "type": "Feature",
      "id": 110,
      "geometry": {
        "type": "Polygon",
        "coordinates": [
          [
            [
              116.43523986117087,
              39.87485410132996
            ],
            [
              116.43613143615677,
              39.87485410132996
            ],
            [
              116.43613143615677,
              39.875666607056715
            ],
            [
              116.43523986117087,
              39.875666607056715
            ],
            [
              116.43523986117087,
              39.87485410132996
            ]
          ]
        ]
      },
      "properties": {
        "id": 110,
        "name": "建筑 110",
        "height": 29,
        "floors": 9,
        "type": "residential",
        "yearBuilt": 2023,
        "address": "示例路 174 号",
        "properties": {
          "area": 6849,
          "usage": "residential"
        }
      }
    },
    {
      "type": "Feature",
      "id": 111,
      "geometry": {
        "type": "Polygon",
        "coordinates": [
          [
            [
              116.35891784707708,
              39.91544685877841
            ],
            [
              116.35944653844967,
              39.91544685877841
            ],
            [
              116.35944653844967,
              39.916053120579
            ],
            [
              116.35891784707708,
              39.916053120579
            ],
            [
              116.35891784707708,
              39.91544685877841
            ]
          ]
        ]
      },
      "properties": {
        "id": 111,
        "name": "建筑 111",
        "height": 120,
        "floors": 40,
        "type": "residential",
        "yearBuilt": 2018,
        "address": "示例路 966 号",
        "properties": {
          "area": 3029,
          "usage": "residential"
        }
      }
    },
    {
      "type": "Feature",
      "id": 112,
      "geometry": {
        "type": "Polygon",
        "coordinates": [
          [
            [
              116.39919003264819,
              39.92173239381488
            ],
            [
              116.40027597261265,
              39.92173239381488
            ],
            [
              116.40027597261265,
              39.92214540102222
            ],
            [
              116.39919003264819,
              39.92214540102222
            ],
            [
              116.39919003264819,
              39.92173239381488
            ]
          ]
        ]
      },
      "properties": {
        "id": 112,
        "name": "建筑 112",
        "height": 144,
        "floors": 48,
        "type": "public",
        "yearBuilt": 1992,
        "address": "示例路 576 号",
        "properties": {
          "area": 4237,
          "usage": "public"
        }
      }
    },
    {
      "type": "Feature",
      "id": 113,
      "geometry": {
        "type": "Polygon",
        "coordinates": [
          [
            [
              116.43214840707729,
              39.89863085327861
            ],
            [
              116.4325360923339,
              39.89863085327861
            ],
            [
              116.4325360923339,
              39.89959967238724
            ],
            [
              116.43214840707729,
              39.89959967238724
            ],
            [
              116.43214840707729,
              39.89863085327861
            ]
          ]
        ]
      },
      "properties": {
        "id": 113,
        "name": "建筑 113",
        "height": 51,
        "floors": 17,
        "type": "commercial",
        "yearBuilt": 2006,
        "address": "示例路 235 号",
        "properties": {
          "area": 3550,
          "usage": "commercial"
        }
      }
    },
    {
      "type": "Feature",
      "id": 114,
      "geometry": {
        "type": "Polygon",
        "coordinates": [
          [
            [
              116.3993845303064,
              39.8970384664821
            ],
            [
              116.40041610877022,
              39.8970384664821
            ],
            [
              116.40041610877022,
              39.897608057706556
            ],
            [
              116.3993845303064,
              39.897608057706556
            ],
            [
              116.3993845303064,
              39.8970384664821
            ]
          ]
        ]
      },
      "properties": {
        "id": 114,
        "name": "建筑 114",
        "height": 81,
        "floors": 27,
        "type": "industrial",
        "yearBuilt": 1983,
        "address": "示例路 318 号",
        "properties": {
          "area": 5554,
          "usage": "industrial"
        }
      }
    },
    {
      "type": "Feature",
      "id": 115,
      "geometry": {
        "type": "Polygon",
        "coordinates": [
          [
            [
              116.37006733528881,
              39.93546400532667
            ],
            [
              116.37107799671104,
              39.93546400532667
            ],
            [
              116.37107799671104,
              39.93656261895058
            ],
            [
              116.37006733528881,
              39.93656261895058
            ],
            [
              116.37006733528881,
              39.93546400532667
            ]
          ]
        ]
      },
      "properties": {
        "id": 115,
        "name": "建筑 115",
        "height": 33,
        "floors": 11,
        "type": "industrial",
        "yearBuilt": 2014,
        "address": "示例路 796 号",
        "properties": {
          "area": 10489,
          "usage": "industrial"
        }
      }
    },
    {
      "type": "Feature",
      "id": 116,
      "geometry": {
        "type": "Polygon",
        "coordinates": [
          [
            [
              116.40212377366863,
              39.88163099515569
            ],
            [
              116.4028615783884,
              39.88163099515569
            ],
            [
              116.4028615783884,
              39.882096673139195
            ],
            [
              116.40212377366863,
              39.882096673139195
            ],
            [
              116.40212377366863,
              39.88163099515569
            ]
          ]
        ]
      },
      "properties": {
        "id": 116,
        "name": "建筑 116",
        "height": 22,
        "floors": 7,
        "type": "commercial",
        "yearBuilt": 1987,
        "address": "示例路 52 号",
        "properties": {
          "area": 3248,
          "usage": "commercial"
        }
      }
    },
    {
      "type": "Feature",
      "id": 117,
      "geometry": {
        "type": "Polygon",
        "coordinates": [
          [
            [
              116.41669773883267,
              39.927058552328745
            ],
            [
              116.41733573087492,
              39.927058552328745
            ],
            [
              116.41733573087492,
              39.927426083129625
            ],
            [
              116.41669773883267,
              39.927426083129625
            ],
            [
              116.41669773883267,
              39.927058552328745
            ]
          ]
        ]
      },
      "properties": {
        "id": 117,
        "name": "建筑 117",
        "height": 86,
        "floors": 28,
        "type": "public",
        "yearBuilt": 1983,
        "address": "示例路 282 号",
        "properties": {
          "area": 2215,
          "usage": "public"
        }
      }
    },
    {
      "type": "Feature",
      "id": 118,
      "geometry": {
        "type": "Polygon",
        "coordinates": [
          [
            [
              116.3788291961795,
              39.932240672594425
            ],
            [
              116.37934523267111,
              39.932240672594425
            ],
            [
              116.37934523267111,
              39.93306938173247
            ],
            [
              116.3788291961795,
              39.93306938173247
            ],
            [
              116.3788291961795,
              39.932240672594425
            ]
          ]
        ]
      },
      "properties": {
        "id": 118,
        "name": "建筑 118",
        "height": 41,
        "floors": 13,
        "type": "industrial",
        "yearBuilt": 2015,
        "address": "示例路 3 号",
        "properties": {
          "area": 4040,
          "usage": "industrial"
        }
      }
    },
    {
      "type": "Feature",
      "id": 119,
      "geometry": {
        "type": "Polygon",
        "coordinates": [
          [
            [
              116.42524416239539,
              39.90418180905535
            ],
            [
              116.42619867637168,
              39.90418180905535
            ],
            [
              116.42619867637168,
              39.9051836412791
            ],
            [
              116.42524416239539,
              39.9051836412791
            ],
            [
              116.42524416239539,
              39.90418180905535
            ]
          ]
        ]
      },
      "properties": {
        "id": 119,
        "name": "建筑 119",
        "height": 106,
        "floors": 35,
        "type": "industrial",
        "yearBuilt": 1983,
        "address": "示例路 592 号",
        "properties": {
          "area": 9038,
          "usage": "industrial"
        }
      }
    },
    {
      "type": "Feature",
      "id": 120,
      "geometry": {
        "type": "Polygon",
        "coordinates": [
          [
            [
              116.37694746910398,
              39.92074704935727
            ],
            [
              116.37779559649013,
              39.92074704935727
            ],
            [
              116.37779559649013,
              39.921095569067035
            ],
            [
              116.37694746910398,
              39.921095569067035
            ],
            [
              116.37694746910398,
              39.92074704935727
            ]
          ]
        ]
      },
      "properties": {
        "id": 120,
        "name": "建筑 120",
        "height": 103,
        "floors": 34,
        "type": "commercial",
        "yearBuilt": 2004,
        "address": "示例路 332 号",
        "properties": {
          "area": 2793,
          "usage": "commercial"
        }
      }
    },
    {
      "type": "Feature",
      "id": 121,
      "geometry": {
        "type": "Polygon",
        "coordinates": [
          [
            [
              116.41015840509633,
              39.89132188048492
            ],
            [
              116.41066341261408,
              39.89132188048492
            ],
            [
              116.41066341261408,
              39.891790297008434
            ],
            [
              116.41015840509633,
              39.891790297008434
            ],
            [
              116.41015840509633,
              39.89132188048492
            ]
          ]
        ]
      },
      "properties": {
        "id": 121,
        "name": "建筑 121",
        "height": 117,
        "floors": 39,
        "type": "public",
        "yearBuilt": 2014,
        "address": "示例路 161 号",
        "properties": {
          "area": 2236,
          "usage": "public"
        }
      }
    },
    {
      "type": "Feature",
      "id": 122,
      "geometry": {
        "type": "Polygon",
        "coordinates": [
          [
            [
              116.38205900140738,
              39.93271319877611
            ],
            [
              116.38273694767982,
              39.93271319877611
            ],
            [
              116.38273694767982,
              39.93303850764738
            ],
            [
              116.38205900140738,
              39.93303850764738
            ],
            [
              116.38205900140738,
              39.93271319877611
            ]
          ]
        ]
      },
      "properties": {
        "id": 122,
        "name": "建筑 122",
        "height": 35,
        "floors": 11,
        "type": "industrial",
        "yearBuilt": 1992,
        "address": "示例路 680 号",
        "properties": {
          "area": 2083,
          "usage": "industrial"
        }
      }
    },
    {
      "type": "Feature",
      "id": 123,
      "geometry": {
        "type": "Polygon",
        "coordinates": [
          [
            [
              116.37564320584657,
              39.87567425109008
            ],
            [
              116.37623298031198,
              39.87567425109008
            ],
            [
              116.37623298031198,
              39.87611996159808
            ],
            [
              116.37564320584657,
              39.87611996159808
            ],
            [
              116.37564320584657,
              39.87567425109008
            ]
          ]
        ]
      },
      "properties": {
        "id": 123,
        "name": "建筑 123",
        "height": 107,
        "floors": 35,
        "type": "public",
        "yearBuilt": 2014,
        "address": "示例路 148 号",
        "properties": {
          "area": 2485,
          "usage": "public"
        }
      }
    },
    {
      "type": "Feature",
      "id": 124,
      "geometry": {
        "type": "Polygon",
        "coordinates": [
          [
            [
              116.40621002818926,
              39.920203293906035
            ],
            [
              116.4069231044702,
              39.920203293906035
            ],
            [
              116.4069231044702,
              39.92077308898611
            ],
            [
              116.40621002818926,
              39.92077308898611
            ],
            [
              116.40621002818926,
              39.920203293906035
            ]
          ]
        ]
      },
      "properties": {
        "id": 124,
        "name": "建筑 124",
        "height": 123,
        "floors": 41,
        "type": "public",
        "yearBuilt": 1988,
        "address": "示例路 740 号",
        "properties": {
          "area": 3839,
          "usage": "public"
        }
      }
    },
    {
      "type": "Feature",
      "id": 125,
      "geometry": {
        "type": "Polygon",
        "coordinates": [
          [
            [
              116.4130553288299,
              39.94537654661458
            ],
            [
              116.41385378977668,
              39.94537654661458
            ],
            [
              116.41385378977668,
              39.9458714404837
            ],
            [
              116.4130553288299,
              39.9458714404837
            ],
            [
              116.4130553288299,
              39.94537654661458
            ]
          ]
        ]
      },
      "properties": {
        "id": 125,
        "name": "建筑 125",
        "height": 42,
        "floors": 14,
        "type": "public",
        "yearBuilt": 1990,
        "address": "示例路 169 号",
        "properties": {
          "area": 3732,
          "usage": "public"
        }
      }
    },
    {
      "type": "Feature",
      "id": 126,
      "geometry": {
        "type": "Polygon",
        "coordinates": [
          [
            [
              116.38231527775876,
              39.941229575760765
            ],
            [
              116.38308185234945,
              39.941229575760765
            ],
            [
              116.38308185234945,
              39.94202865459507
            ],
            [
              116.38231527775876,
              39.94202865459507
            ],
            [
              116.38231527775876,
              39.941229575760765
            ]
          ]
        ]
      },
      "properties": {
        "id": 126,
        "name": "建筑 126",
        "height": 90,
        "floors": 30,
        "type": "commercial",
        "yearBuilt": 1980,
        "address": "示例路 855 号",
        "properties": {
          "area": 5786,
          "usage": "commercial"
        }
      }
    },
    {
      "type": "Feature",
      "id": 127,
      "geometry": {
        "type": "Polygon",
        "coordinates": [
          [
            [
              116.37032283922447,
              39.913592883887304
            ],
            [
              116.3707047786958,
              39.913592883887304
            ],
            [
              116.3707047786958,
              39.9144548166627
            ],
            [
              116.37032283922447,
              39.9144548166627
            ],
            [
              116.37032283922447,
              39.913592883887304
            ]
          ]
        ]
      },
      "properties": {
        "id": 127,
        "name": "建筑 127",
        "height": 84,
        "floors": 28,
        "type": "residential",
        "yearBuilt": 2019,
        "address": "示例路 164 号",
        "properties": {
          "area": 3111,
          "usage": "residential"
        }
      }
    },
    {
      "type": "Feature",
      "id": 128,
      "geometry": {
        "type": "Polygon",
        "coordinates": [
          [
            [
              116.37087147797247,
              39.944459302413314
            ],
            [
              116.37161609632518,
              39.944459302413314
            ],
            [
              116.37161609632518,
              39.94521528633037
            ],
            [
              116.37087147797247,
              39.94521528633037
            ],
            [
              116.37087147797247,
              39.944459302413314
            ]
          ]
        ]
      },
      "properties": {
        "id": 128,
        "name": "建筑 128",
        "height": 134,
        "floors": 44,
        "type": "industrial",
        "yearBuilt": 1990,
        "address": "示例路 315 号",
        "properties": {
          "area": 5317,
          "usage": "industrial"
        }
      }
    },
    {
      "type": "Feature",
      "id": 129,
      "geometry": {
        "type": "Polygon",
        "coordinates": [
          [
            [
              116.36594085836681,
              39.94333838888334
            ],
            [
              116.3662546985571,
              39.94333838888334
            ],
            [
              116.3662546985571,
              39.943992972672774
            ],
            [
              116.36594085836681,
              39.943992972672774
            ],
            [
              116.36594085836681,
              39.94333838888334
            ]
          ]
        ]
      },
      "properties": {
        "id": 129,
        "name": "建筑 129",
        "height": 49,
        "floors": 16,
        "type": "public",
        "yearBuilt": 2015,
        "address": "示例路 668 号",
        "properties": {
          "area": 1940,
          "usage": "public"
        }
      }
    },
    {
      "type": "Feature",
      "id": 130,
      "geometry": {
        "type": "Polygon",
        "coordinates": [
          [
            [
              116.41446092629629,
              39.910788158216256
            ],
            [
              116.41485748945739,
              39.910788158216256
            ],
            [
              116.41485748945739,
              39.91155401448343
            ],
            [
              116.41446092629629,
              39.91155401448343
            ],
            [
              116.41446092629629,
              39.910788158216256
            ]
          ]
        ]
      },
      "properties": {
        "id": 130,
        "name": "建筑 130",
        "height": 121,
        "floors": 40,
        "type": "industrial",
        "yearBuilt": 2014,
        "address": "示例路 365 号",
        "properties": {
          "area": 2870,
          "usage": "industrial"
        }
      }
    },
    {
      "type": "Feature",
      "id": 131,
      "geometry": {
        "type": "Polygon",
        "coordinates": [
          [
            [
              116.4016690855654,
              39.927398464465526
            ],
            [
              116.40239126256724,
              39.927398464465526
            ],
            [
              116.40239126256724,
              39.92776685113234
            ],
            [
              116.4016690855654,
              39.92776685113234
            ],
            [
              116.4016690855654,
              39.927398464465526
            ]
          ]
        ]
      },
      "properties": {
        "id": 131,
        "name": "建筑 131",
        "height": 158,
        "floors": 52,
        "type": "residential",
        "yearBuilt": 1993,
        "address": "示例路 113 号",
        "properties": {
          "area": 2513,
          "usage": "residential"
        }
      }
    },
    {
      "type": "Feature",
      "id": 132,
      "geometry": {
        "type": "Polygon",
        "coordinates": [
          [
            [
              116.433187845507,
              39.89326177160847
            ],
            [
              116.43420762273543,
              39.89326177160847
            ],
            [
              116.43420762273543,
              39.893797936558705
            ],
            [
              116.433187845507,
              39.893797936558705
            ],
            [
              116.433187845507,
              39.89326177160847
            ]
          ]
        ]
      },
      "properties": {
        "id": 132,
        "name": "建筑 132",
        "height": 80,
        "floors": 26,
        "type": "industrial",
        "yearBuilt": 2009,
        "address": "示例路 810 号",
        "properties": {
          "area": 5168,
          "usage": "industrial"
        }
      }
    },
    {
      "type": "Feature",
      "id": 133,
      "geometry": {
        "type": "Polygon",
        "coordinates": [
          [
            [
              116.43232670575078,
              39.871649770810926
            ],
            [
              116.43295332209246,
              39.871649770810926
            ],
            [
              116.43295332209246,
              39.87256912216409
            ],
            [
              116.43232670575078,
              39.87256912216409
            ],
            [
              116.43232670575078,
              39.871649770810926
            ]
          ]
        ]
      },
      "properties": {
        "id": 133,
        "name": "建筑 133",
        "height": 149,
        "floors": 49,
        "type": "industrial",
        "yearBuilt": 2008,
        "address": "示例路 283 号",
        "properties": {
          "area": 5447,
          "usage": "industrial"
        }
      }
    },
    {
      "type": "Feature",
      "id": 134,
      "geometry": {
        "type": "Polygon",
        "coordinates": [
          [
            [
              116.3588443290456,
              39.92446557784865
            ],
            [
              116.35994367390063,
              39.92446557784865
            ],
            [
              116.35994367390063,
              39.92548008377736
            ],
            [
              116.3588443290456,
              39.92548008377736
            ],
            [
              116.3588443290456,
              39.92446557784865
            ]
          ]
        ]
      },
      "properties": {
        "id": 134,
        "name": "建筑 134",
        "height": 63,
        "floors": 21,
        "type": "residential",
        "yearBuilt": 1989,
        "address": "示例路 644 号",
        "properties": {
          "area": 10538,
          "usage": "residential"
        }
      }
    },
    {
      "type": "Feature",
      "id": 135,
      "geometry": {
        "type": "Polygon",
        "coordinates": [
          [
            [
              116.39650129445137,
              39.877207179770345
            ],
            [
              116.3968966630742,
              39.877207179770345
            ],
            [
              116.3968966630742,
              39.87774237610174
            ],
            [
              116.39650129445137,
              39.87774237610174
            ],
            [
              116.39650129445137,
              39.877207179770345
            ]
          ]
        ]
      },
      "properties": {
        "id": 135,
        "name": "建筑 135",
        "height": 68,
        "floors": 22,
        "type": "residential",
        "yearBuilt": 2007,
        "address": "示例路 72 号",
        "properties": {
          "area": 2000,
          "usage": "residential"
        }
      }
    },
    {
      "type": "Feature",
      "id": 136,
      "geometry": {
        "type": "Polygon",
        "coordinates": [
          [
            [
              116.42807778861652,
              39.898412078520266
            ],
            [
              116.42870442635346,
              39.898412078520266
            ],
            [
              116.42870442635346,
              39.89948430161094
            ],
            [
              116.42807778861652,
              39.89948430161094
            ],
            [
              116.42807778861652,
              39.898412078520266
            ]
          ]
        ]
      },
      "properties": {
        "id": 136,
        "name": "建筑 136",
        "height": 19,
        "floors": 6,
        "type": "public",
        "yearBuilt": 2019,
        "address": "示例路 542 号",
        "properties": {
          "area": 6351,
          "usage": "public"
        }
      }
    },
    {
      "type": "Feature",
      "id": 137,
      "geometry": {
        "type": "Polygon",
        "coordinates": [
          [
            [
              116.37361664829413,
              39.876668254560244
            ],
            [
              116.37451219030181,
              39.876668254560244
            ],
            [
              116.37451219030181,
              39.87752719774544
            ],
            [
              116.37361664829413,
              39.87752719774544
            ],
            [
              116.37361664829413,
              39.876668254560244
            ]
          ]
        ]
      },
      "properties": {
        "id": 137,
        "name": "建筑 137",
        "height": 38,
        "floors": 12,
        "type": "commercial",
        "yearBuilt": 2001,
        "address": "示例路 937 号",
        "properties": {
          "area": 7273,
          "usage": "commercial"
        }
      }
    },
    {
      "type": "Feature",
      "id": 138,
      "geometry": {
        "type": "Polygon",
        "coordinates": [
          [
            [
              116.43348702052687,
              39.90282799009728
            ],
            [
              116.43425252861209,
              39.90282799009728
            ],
            [
              116.43425252861209,
              39.90313818868773
            ],
            [
              116.43348702052687,
              39.90313818868773
            ],
            [
              116.43348702052687,
              39.90282799009728
            ]
          ]
        ]
      },
      "properties": {
        "id": 138,
        "name": "建筑 138",
        "height": 132,
        "floors": 44,
        "type": "industrial",
        "yearBuilt": 2016,
        "address": "示例路 218 号",
        "properties": {
          "area": 2244,
          "usage": "industrial"
        }
      }
    },
    {
      "type": "Feature",
      "id": 139,
      "geometry": {
        "type": "Polygon",
        "coordinates": [
          [
            [
              116.37548370401458,
              39.92341793534462
            ],
            [
              116.3762878493668,
              39.92341793534462
            ],
            [
              116.3762878493668,
              39.924388241719676
            ],
            [
              116.37548370401458,
              39.924388241719676
            ],
            [
              116.37548370401458,
              39.92341793534462
            ]
          ]
        ]
      },
      "properties": {
        "id": 139,
        "name": "建筑 139",
        "height": 22,
        "floors": 7,
        "type": "industrial",
        "yearBuilt": 2015,
        "address": "示例路 821 号",
        "properties": {
          "area": 7372,
          "usage": "industrial"
        }
      }
    },
    {
      "type": "Feature",
      "id": 140,
      "geometry": {
        "type": "Polygon",
        "coordinates": [
          [
            [
              116.40365044350939,
              39.916774746473145
            ],
            [
              116.40442296134489,
              39.916774746473145
            ],
            [
              116.40442296134489,
              39.917330857556635
            ],
            [
              116.40365044350939,
              39.917330857556635
            ],
            [
              116.40365044350939,
              39.916774746473145
            ]
          ]
        ]
      },
      "properties": {
        "id": 140,
        "name": "建筑 140",
        "height": 118,
        "floors": 39,
        "type": "commercial",
        "yearBuilt": 1999,
        "address": "示例路 298 号",
        "properties": {
          "area": 4059,
          "usage": "commercial"
        }
      }
    },
    {
      "type": "Feature",
      "id": 141,
      "geometry": {
        "type": "Polygon",
        "coordinates": [
          [
            [
              116.42709173166077,
              39.91861368040027
            ],
            [
              116.42746535287056,
              39.91861368040027
            ],
            [
              116.42746535287056,
              39.9191568312051
            ],
            [
              116.42709173166077,
              39.9191568312051
            ],
            [
              116.42709173166077,
              39.91861368040027
            ]
          ]
        ]
      },
      "properties": {
        "id": 141,
        "name": "建筑 141",
        "height": 46,
        "floors": 15,
        "type": "public",
        "yearBuilt": 2002,
        "address": "示例路 783 号",
        "properties": {
          "area": 1917,
          "usage": "public"
        }
      }
    },
    {
      "type": "Feature",
      "id": 142,
      "geometry": {
        "type": "Polygon",
        "coordinates": [
          [
            [
              116.42808590759446,
              39.885030087618475
            ],
            [
              116.42842040579654,
              39.885030087618475
            ],
            [
              116.42842040579654,
              39.88599665951285
            ],
            [
              116.42808590759446,
              39.88599665951285
            ],
            [
              116.42808590759446,
              39.885030087618475
            ]
          ]
        ]
      },
      "properties": {
        "id": 142,
        "name": "建筑 142",
        "height": 84,
        "floors": 28,
        "type": "industrial",
        "yearBuilt": 1990,
        "address": "示例路 35 号",
        "properties": {
          "area": 3056,
          "usage": "industrial"
        }
      }
    },
    {
      "type": "Feature",
      "id": 143,
      "geometry": {
        "type": "Polygon",
        "coordinates": [
          [
            [
              116.4248630440109,
              39.91772935971422
            ],
            [
              116.42561630069805,
              39.91772935971422
            ],
            [
              116.42561630069805,
              39.91834209302254
            ],
            [
              116.4248630440109,
              39.91834209302254
            ],
            [
              116.4248630440109,
              39.91772935971422
            ]
          ]
        ]
      },
      "properties": {
        "id": 143,
        "name": "建筑 143",
        "height": 115,
        "floors": 38,
        "type": "industrial",
        "yearBuilt": 2010,
        "address": "示例路 500 号",
        "properties": {
          "area": 4361,
          "usage": "industrial"
        }
      }
    },
    {
      "type": "Feature",
      "id": 144,
      "geometry": {
        "type": "Polygon",
        "coordinates": [
          [
            [
              116.41114887070533,
              39.91361545121185
            ],
            [
              116.4118783552358,
              39.91361545121185
            ],
            [
              116.4118783552358,
              39.91453539796544
            ],
            [
              116.41114887070533,
              39.91453539796544
            ],
            [
              116.41114887070533,
              39.91361545121185
            ]
          ]
        ]
      },
      "properties": {
        "id": 144,
        "name": "建筑 144",
        "height": 10,
        "floors": 3,
        "type": "public",
        "yearBuilt": 2008,
        "address": "示例路 284 号",
        "properties": {
          "area": 6342,
          "usage": "public"
        }
      }
    },
    {
      "type": "Feature",
      "id": 145,
      "geometry": {
        "type": "Polygon",
        "coordinates": [
          [
            [
              116.42154023436719,
              39.92805799001491
            ],
            [
              116.42256741398019,
              39.92805799001491
            ],
            [
              116.42256741398019,
              39.92853254933367
            ],
            [
              116.42154023436719,
              39.92853254933367
            ],
            [
              116.42154023436719,
              39.92805799001491
            ]
          ]
        ]
      },
      "properties": {
        "id": 145,
        "name": "建筑 145",
        "height": 68,
        "floors": 22,
        "type": "commercial",
        "yearBuilt": 2020,
        "address": "示例路 464 号",
        "properties": {
          "area": 4605,
          "usage": "commercial"
        }
      }
    },
    {
      "type": "Feature",
      "id": 146,
      "geometry": {
        "type": "Polygon",
        "coordinates": [
          [
            [
              116.39914639774473,
              39.91964328890343
            ],
            [
              116.39996726924286,
              39.91964328890343
            ],
            [
              116.39996726924286,
              39.92053317058552
            ],
            [
              116.39914639774473,
              39.92053317058552
            ],
            [
              116.39914639774473,
              39.91964328890343
            ]
          ]
        ]
      },
      "properties": {
        "id": 146,
        "name": "建筑 146",
        "height": 34,
        "floors": 11,
        "type": "residential",
        "yearBuilt": 2023,
        "address": "示例路 307 号",
        "properties": {
          "area": 6902,
          "usage": "residential"
        }
      }
    },
    {
      "type": "Feature",
      "id": 147,
      "geometry": {
        "type": "Polygon",
        "coordinates": [
          [
            [
              116.41336965770886,
              39.87292197950854
            ],
            [
              116.41385517764293,
              39.87292197950854
            ],
            [
              116.41385517764293,
              39.873720632698024
            ],
            [
              116.41336965770886,
              39.873720632698024
            ],
            [
              116.41336965770886,
              39.87292197950854
            ]
          ]
        ]
      },
      "properties": {
        "id": 147,
        "name": "建筑 147",
        "height": 121,
        "floors": 40,
        "type": "commercial",
        "yearBuilt": 1987,
        "address": "示例路 502 号",
        "properties": {
          "area": 3666,
          "usage": "commercial"
        }
      }
    },
    {
      "type": "Feature",
      "id": 148,
      "geometry": {
        "type": "Polygon",
        "coordinates": [
          [
            [
              116.40953440865131,
              39.86999542220405
            ],
            [
              116.41041005486933,
              39.86999542220405
            ],
            [
              116.41041005486933,
              39.87081030010549
            ],
            [
              116.40953440865131,
              39.87081030010549
            ],
            [
              116.40953440865131,
              39.86999542220405
            ]
          ]
        ]
      },
      "properties": {
        "id": 148,
        "name": "建筑 148",
        "height": 93,
        "floors": 31,
        "type": "residential",
        "yearBuilt": 1987,
        "address": "示例路 809 号",
        "properties": {
          "area": 6747,
          "usage": "residential"
        }
      }
    },
    {
      "type": "Feature",
      "id": 149,
      "geometry": {
        "type": "Polygon",
        "coordinates": [
          [
            [
              116.42587149090024,
              39.91873034946018
            ],
            [
              116.42622307909532,
              39.91873034946018
            ],
            [
              116.42622307909532,
              39.91980683273767
            ],
            [
              116.42587149090024,
              39.91980683273767
            ],
            [
              116.42587149090024,
              39.91873034946018
            ]
          ]
        ]
      },
      "properties": {
        "id": 149,
        "name": "建筑 149",
        "height": 144,
        "floors": 48,
        "type": "commercial",
        "yearBuilt": 2011,
        "address": "示例路 189 号",
        "properties": {
          "area": 3576,
          "usage": "commercial"
        }
      }
    },
    {
      "type": "Feature",
      "id": 150,
      "geometry": {
        "type": "Polygon",
        "coordinates": [
          [
            [
              116.37281742984659,
              39.88243350005417
            ],
            [
              116.37348369279866,
              39.88243350005417
            ],
            [
              116.37348369279866,
              39.88339707613827
            ],
            [
              116.37281742984659,
              39.88339707613827
            ],
            [
              116.37281742984659,
              39.88243350005417
            ]
          ]
        ]
      },
      "properties": {
        "id": 150,
        "name": "建筑 150",
        "height": 76,
        "floors": 25,
        "type": "commercial",
        "yearBuilt": 1997,
        "address": "示例路 160 号",
        "properties": {
          "area": 6069,
          "usage": "commercial"
        }
      }
    }
  ]
}